period,year,month,age_group,item,value,unit,item_order,age_order,table_id,table_name
201005,2010,5,55~79세 전체,고령층인구,9430.2,천명,0,0,DT_1DE8031S,연령별 경제활동상태
201105,2011,5,55~79세 전체,고령층인구,9891.1,천명,0,0,DT_1DE8031S,연령별 경제활동상태
201205,2012,5,55~79세 전체,고령층인구,10348.4,천명,0,0,DT_1DE8031S,연령별 경제활동상태
201305,2013,5,55~79세 전체,고령층인구,10844.5,천명,0,0,DT_1DE8031S,연령별 경제활동상태
201405,2014,5,55~79세 전체,고령층인구,11327.8,천명,0,0,DT_1DE8031S,연령별 경제활동상태
201505,2015,5,55~79세 전체,고령층인구,11806.5,천명,0,0,DT_1DE8031S,연령별 경제활동상태
201605,2016,5,55~79세 전체,고령층인구,12437.9,천명,0,0,DT_1DE8031S,연령별 경제활동상태
201705,2017,5,55~79세 전체,고령층인구,12929.4,천명,0,0,DT_1DE8031S,연령별 경제활동상태
201805,2018,5,55~79세 전체,고령층인구,13441.1,천명,0,0,DT_1DE8031S,연령별 경제활동상태
201905,2019,5,55~79세 전체,고령층인구,13843.2,천명,0,0,DT_1DE8031S,연령별 경제활동상태
202005,2020,5,55~79세 전체,고령층인구,14271.4,천명,0,0,DT_1DE8031S,연령별 경제활동상태
202105,2021,5,55~79세 전체,고령층인구,14765.6,천명,0,0,DT_1DE8031S,연령별 경제활동상태
202205,2022,5,55~79세 전체,고령층인구,15097.6,천명,0,0,DT_1DE8031S,연령별 경제활동상태
202305,2023,5,55~79세 전체,고령층인구,15481.3,천명,0,0,DT_1DE8031S,연령별 경제활동상태
202405,2024,5,55~79세 전체,고령층인구,15982.9,천명,0,0,DT_1DE8031S,연령별 경제활동상태
202505,2025,5,55~79세 전체,고령층인구,16446.8,천명,0,0,DT_1DE8031S,연령별 경제활동상태
201005,2010,5,55~64세,고령층인구,4989.1,천명,0,1,DT_1DE8031S,연령별 경제활동상태
201105,2011,5,55~64세,고령층인구,5321.7,천명,0,1,DT_1DE8031S,연령별 경제활동상태
201205,2012,5,55~64세,고령층인구,5584.1,천명,0,1,DT_1DE8031S,연령별 경제활동상태
201305,2013,5,55~64세,고령층인구,5861.5,천명,0,1,DT_1DE8031S,연령별 경제활동상태
201405,2014,5,55~64세,고령층인구,6193.7,천명,0,1,DT_1DE8031S,연령별 경제활동상태
201505,2015,5,55~64세,고령층인구,6581.6,천명,0,1,DT_1DE8031S,연령별 경제활동상태
201605,2016,5,55~64세,고령층인구,7055.7,천명,0,1,DT_1DE8031S,연령별 경제활동상태
201705,2017,5,55~64세,고령층인구,7354.3,천명,0,1,DT_1DE8031S,연령별 경제활동상태
201805,2018,5,55~64세,고령층인구,7676.4,천명,0,1,DT_1DE8031S,연령별 경제활동상태
201905,2019,5,55~64세,고령층인구,7883.0,천명,0,1,DT_1DE8031S,연령별 경제활동상태
202005,2020,5,55~64세,고령층인구,8020.5,천명,0,1,DT_1DE8031S,연령별 경제활동상태
202105,2021,5,55~64세,고령층인구,8155.6,천명,0,1,DT_1DE8031S,연령별 경제활동상태
202205,2022,5,55~64세,고령층인구,8241.5,천명,0,1,DT_1DE8031S,연령별 경제활동상태
202305,2023,5,55~64세,고령층인구,8302.3,천명,0,1,DT_1DE8031S,연령별 경제활동상태
202405,2024,5,55~64세,고령층인구,8411.8,천명,0,1,DT_1DE8031S,연령별 경제활동상태
202505,2025,5,55~64세,고령층인구,8418.2,천명,0,1,DT_1DE8031S,연령별 경제활동상태
201005,2010,5,65~79세,고령층인구,4441.1,천명,0,2,DT_1DE8031S,연령별 경제활동상태
201105,2011,5,65~79세,고령층인구,4569.3,천명,0,2,DT_1DE8031S,연령별 경제활동상태
201205,2012,5,65~79세,고령층인구,4764.2,천명,0,2,DT_1DE8031S,연령별 경제활동상태
201305,2013,5,65~79세,고령층인구,4983.0,천명,0,2,DT_1DE8031S,연령별 경제활동상태
201405,2014,5,65~79세,고령층인구,5134.1,천명,0,2,DT_1DE8031S,연령별 경제활동상태
201505,2015,5,65~79세,고령층인구,5224.9,천명,0,2,DT_1DE8031S,연령별 경제활동상태
201605,2016,5,65~79세,고령층인구,5382.2,천명,0,2,DT_1DE8031S,연령별 경제활동상태
201705,2017,5,65~79세,고령층인구,5575.1,천명,0,2,DT_1DE8031S,연령별 경제활동상태
201805,2018,5,65~79세,고령층인구,5764.7,천명,0,2,DT_1DE8031S,연령별 경제활동상태
201905,2019,5,65~79세,고령층인구,5960.2,천명,0,2,DT_1DE8031S,연령별 경제활동상태
202005,2020,5,65~79세,고령층인구,6250.9,천명,0,2,DT_1DE8031S,연령별 경제활동상태
202105,2021,5,65~79세,고령층인구,6610.0,천명,0,2,DT_1DE8031S,연령별 경제활동상태
202205,2022,5,65~79세,고령층인구,6856.1,천명,0,2,DT_1DE8031S,연령별 경제활동상태
202305,2023,5,65~79세,고령층인구,7178.9,천명,0,2,DT_1DE8031S,연령별 경제활동상태
202405,2024,5,65~79세,고령층인구,7571.1,천명,0,2,DT_1DE8031S,연령별 경제활동상태
202505,2025,5,65~79세,고령층인구,8028.6,천명,0,2,DT_1DE8031S,연령별 경제활동상태
201005,2010,5,55~79세 전체,경제활동인구,4872.1,천명,1,0,DT_1DE8031S,연령별 경제활동상태
201105,2011,5,55~79세 전체,경제활동인구,5164.6,천명,1,0,DT_1DE8031S,연령별 경제활동상태
201205,2012,5,55~79세 전체,경제활동인구,5540.0,천명,1,0,DT_1DE8031S,연령별 경제활동상태
201305,2013,5,55~79세 전체,경제활동인구,5872.1,천명,1,0,DT_1DE8031S,연령별 경제활동상태
201405,2014,5,55~79세 전체,경제활동인구,6266.5,천명,1,0,DT_1DE8031S,연령별 경제활동상태
201505,2015,5,55~79세 전체,경제활동인구,6541.5,천명,1,0,DT_1DE8031S,연령별 경제활동상태
201605,2016,5,55~79세 전체,경제활동인구,6890.1,천명,1,0,DT_1DE8031S,연령별 경제활동상태
201705,2017,5,55~79세 전체,경제활동인구,7287.3,천명,1,0,DT_1DE8031S,연령별 경제활동상태
201805,2018,5,55~79세 전체,경제활동인구,7621.3,천명,1,0,DT_1DE8031S,연령별 경제활동상태
201905,2019,5,55~79세 전체,경제활동인구,7974.0,천명,1,0,DT_1DE8031S,연령별 경제활동상태
202005,2020,5,55~79세 전체,경제활동인구,8208.4,천명,1,0,DT_1DE8031S,연령별 경제활동상태
202105,2021,5,55~79세 전체,경제활동인구,8563.0,천명,1,0,DT_1DE8031S,연령별 경제활동상태
202205,2022,5,55~79세 전체,경제활동인구,8971.6,천명,1,0,DT_1DE8031S,연령별 경제활동상태
202305,2023,5,55~79세 전체,경제활동인구,9320.7,천명,1,0,DT_1DE8031S,연령별 경제활동상태
202405,2024,5,55~79세 전체,경제활동인구,9682.5,천명,1,0,DT_1DE8031S,연령별 경제활동상태
202505,2025,5,55~79세 전체,경제활동인구,10010.0,천명,1,0,DT_1DE8031S,연령별 경제활동상태
201005,2010,5,55~64세,경제활동인구,3224.0,천명,1,1,DT_1DE8031S,연령별 경제활동상태
201105,2011,5,55~64세,경제활동인구,3494.0,천명,1,1,DT_1DE8031S,연령별 경제활동상태
201205,2012,5,55~64세,경제활동인구,3735.7,천명,1,1,DT_1DE8031S,연령별 경제활동상태
201305,2013,5,55~64세,경제활동인구,3957.7,천명,1,1,DT_1DE8031S,연령별 경제활동상태
201405,2014,5,55~64세,경제활동인구,4283.9,천명,1,1,DT_1DE8031S,연령별 경제활동상태
201505,2015,5,55~64세,경제활동인구,4540.9,천명,1,1,DT_1DE8031S,연령별 경제활동상태
201605,2016,5,55~64세,경제활동인구,4847.1,천명,1,1,DT_1DE8031S,연령별 경제활동상태
201705,2017,5,55~64세,경제활동인구,5156.6,천명,1,1,DT_1DE8031S,연령별 경제활동상태
201805,2018,5,55~64세,경제활동인구,5370.9,천명,1,1,DT_1DE8031S,연령별 경제활동상태
201905,2019,5,55~64세,경제활동인구,5523.9,천명,1,1,DT_1DE8031S,연령별 경제활동상태
202005,2020,5,55~64세,경제활동인구,5589.0,천명,1,1,DT_1DE8031S,연령별 경제활동상태
202105,2021,5,55~64세,경제활동인구,5678.4,천명,1,1,DT_1DE8031S,연령별 경제활동상태
202205,2022,5,55~64세,경제활동인구,5904.9,천명,1,1,DT_1DE8031S,연령별 경제활동상태
202305,2023,5,55~64세,경제활동인구,6014.2,천명,1,1,DT_1DE8031S,연령별 경제활동상태
202405,2024,5,55~64세,경제활동인구,6107.2,천명,1,1,DT_1DE8031S,연령별 경제활동상태
202505,2025,5,55~64세,경제활동인구,6143.6,천명,1,1,DT_1DE8031S,연령별 경제활동상태
201005,2010,5,65~79세,경제활동인구,1648.2,천명,1,2,DT_1DE8031S,연령별 경제활동상태
201105,2011,5,65~79세,경제활동인구,1670.5,천명,1,2,DT_1DE8031S,연령별 경제활동상태
201205,2012,5,65~79세,경제활동인구,1804.2,천명,1,2,DT_1DE8031S,연령별 경제활동상태
201305,2013,5,65~79세,경제활동인구,1914.4,천명,1,2,DT_1DE8031S,연령별 경제활동상태
201405,2014,5,65~79세,경제활동인구,1982.6,천명,1,2,DT_1DE8031S,연령별 경제활동상태
201505,2015,5,65~79세,경제활동인구,2000.6,천명,1,2,DT_1DE8031S,연령별 경제활동상태
201605,2016,5,65~79세,경제활동인구,2043.0,천명,1,2,DT_1DE8031S,연령별 경제활동상태
201705,2017,5,65~79세,경제활동인구,2130.7,천명,1,2,DT_1DE8031S,연령별 경제활동상태
201805,2018,5,65~79세,경제활동인구,2250.4,천명,1,2,DT_1DE8031S,연령별 경제활동상태
201905,2019,5,65~79세,경제활동인구,2450.0,천명,1,2,DT_1DE8031S,연령별 경제활동상태
202005,2020,5,65~79세,경제활동인구,2619.4,천명,1,2,DT_1DE8031S,연령별 경제활동상태
202105,2021,5,65~79세,경제활동인구,2884.6,천명,1,2,DT_1DE8031S,연령별 경제활동상태
202205,2022,5,65~79세,경제활동인구,3066.7,천명,1,2,DT_1DE8031S,연령별 경제활동상태
202305,2023,5,65~79세,경제활동인구,3306.5,천명,1,2,DT_1DE8031S,연령별 경제활동상태
202405,2024,5,65~79세,경제활동인구,3575.3,천명,1,2,DT_1DE8031S,연령별 경제활동상태
202505,2025,5,65~79세,경제활동인구,3866.4,천명,1,2,DT_1DE8031S,연령별 경제활동상태
201005,2010,5,55~79세 전체,취업자,4767.0,천명,2,0,DT_1DE8031S,연령별 경제활동상태
201105,2011,5,55~79세 전체,취업자,5049.8,천명,2,0,DT_1DE8031S,연령별 경제활동상태
201205,2012,5,55~79세 전체,취업자,5438.4,천명,2,0,DT_1DE8031S,연령별 경제활동상태
201305,2013,5,55~79세 전체,취업자,5763.1,천명,2,0,DT_1DE8031S,연령별 경제활동상태
201405,2014,5,55~79세 전체,취업자,6131.7,천명,2,0,DT_1DE8031S,연령별 경제활동상태
201505,2015,5,55~79세 전체,취업자,6376.2,천명,2,0,DT_1DE8031S,연령별 경제활동상태
201605,2016,5,55~79세 전체,취업자,6715.4,천명,2,0,DT_1DE8031S,연령별 경제활동상태
201705,2017,5,55~79세 전체,취업자,7116.6,천명,2,0,DT_1DE8031S,연령별 경제활동상태
201805,2018,5,55~79세 전체,취업자,7421.3,천명,2,0,DT_1DE8031S,연령별 경제활동상태
201905,2019,5,55~79세 전체,취업자,7738.8,천명,2,0,DT_1DE8031S,연령별 경제활동상태
202005,2020,5,55~79세 전체,취업자,7894.7,천명,2,0,DT_1DE8031S,연령별 경제활동상태
202105,2021,5,55~79세 전체,취업자,8276.0,천명,2,0,DT_1DE8031S,연령별 경제활동상태
202205,2022,5,55~79세 전체,취업자,8771.6,천명,2,0,DT_1DE8031S,연령별 경제활동상태
202305,2023,5,55~79세 전체,취업자,9120.1,천명,2,0,DT_1DE8031S,연령별 경제활동상태
202405,2024,5,55~79세 전체,취업자,9436.0,천명,2,0,DT_1DE8031S,연령별 경제활동상태
202505,2025,5,55~79세 전체,취업자,9779.7,천명,2,0,DT_1DE8031S,연령별 경제활동상태
201005,2010,5,55~64세,취업자,3136.7,천명,2,1,DT_1DE8031S,연령별 경제활동상태
201105,2011,5,55~64세,취업자,3404.8,천명,2,1,DT_1DE8031S,연령별 경제활동상태
201205,2012,5,55~64세,취업자,3654.3,천명,2,1,DT_1DE8031S,연령별 경제활동상태
201305,2013,5,55~64세,취업자,3866.7,천명,2,1,DT_1DE8031S,연령별 경제활동상태
201405,2014,5,55~64세,취업자,4176.0,천명,2,1,DT_1DE8031S,연령별 경제활동상태
201505,2015,5,55~64세,취업자,4413.2,천명,2,1,DT_1DE8031S,연령별 경제활동상태
201605,2016,5,55~64세,취업자,4708.0,천명,2,1,DT_1DE8031S,연령별 경제활동상태
201705,2017,5,55~64세,취업자,5029.3,천명,2,1,DT_1DE8031S,연령별 경제활동상태
201805,2018,5,55~64세,취업자,5212.8,천명,2,1,DT_1DE8031S,연령별 경제활동상태
201905,2019,5,55~64세,취업자,5350.3,천명,2,1,DT_1DE8031S,연령별 경제활동상태
202005,2020,5,55~64세,취업자,5369.5,천명,2,1,DT_1DE8031S,연령별 경제활동상태
202105,2021,5,55~64세,취업자,5473.3,천명,2,1,DT_1DE8031S,연령별 경제활동상태
202205,2022,5,55~64세,취업자,5762.0,천명,2,1,DT_1DE8031S,연령별 경제활동상태
202305,2023,5,55~64세,취업자,5878.7,천명,2,1,DT_1DE8031S,연령별 경제활동상태
202405,2024,5,55~64세,취업자,5930.6,천명,2,1,DT_1DE8031S,연령별 경제활동상태
202505,2025,5,55~64세,취업자,5987.1,천명,2,1,DT_1DE8031S,연령별 경제활동상태
201005,2010,5,65~79세,취업자,1630.4,천명,2,2,DT_1DE8031S,연령별 경제활동상태
201105,2011,5,65~79세,취업자,1645.0,천명,2,2,DT_1DE8031S,연령별 경제활동상태
201205,2012,5,65~79세,취업자,1784.1,천명,2,2,DT_1DE8031S,연령별 경제활동상태
201305,2013,5,65~79세,취업자,1896.4,천명,2,2,DT_1DE8031S,연령별 경제활동상태
201405,2014,5,65~79세,취업자,1955.7,천명,2,2,DT_1DE8031S,연령별 경제활동상태
201505,2015,5,65~79세,취업자,1963.0,천명,2,2,DT_1DE8031S,연령별 경제활동상태
201605,2016,5,65~79세,취업자,2007.4,천명,2,2,DT_1DE8031S,연령별 경제활동상태
201705,2017,5,65~79세,취업자,2087.3,천명,2,2,DT_1DE8031S,연령별 경제활동상태
201805,2018,5,65~79세,취업자,2208.5,천명,2,2,DT_1DE8031S,연령별 경제활동상태
201905,2019,5,65~79세,취업자,2388.6,천명,2,2,DT_1DE8031S,연령별 경제활동상태
202005,2020,5,65~79세,취업자,2525.2,천명,2,2,DT_1DE8031S,연령별 경제활동상태
202105,2021,5,65~79세,취업자,2802.7,천명,2,2,DT_1DE8031S,연령별 경제활동상태
202205,2022,5,65~79세,취업자,3009.5,천명,2,2,DT_1DE8031S,연령별 경제활동상태
202305,2023,5,65~79세,취업자,3241.4,천명,2,2,DT_1DE8031S,연령별 경제활동상태
202405,2024,5,65~79세,취업자,3505.4,천명,2,2,DT_1DE8031S,연령별 경제활동상태
202505,2025,5,65~79세,취업자,3792.6,천명,2,2,DT_1DE8031S,연령별 경제활동상태
201005,2010,5,55~79세 전체,고용률,50.6,%,3,0,DT_1DE8031S,연령별 경제활동상태
201105,2011,5,55~79세 전체,고용률,51.1,%,3,0,DT_1DE8031S,연령별 경제활동상태
201205,2012,5,55~79세 전체,고용률,52.6,%,3,0,DT_1DE8031S,연령별 경제활동상태
201305,2013,5,55~79세 전체,고용률,53.1,%,3,0,DT_1DE8031S,연령별 경제활동상태
201405,2014,5,55~79세 전체,고용률,54.1,%,3,0,DT_1DE8031S,연령별 경제활동상태
201505,2015,5,55~79세 전체,고용률,54.0,%,3,0,DT_1DE8031S,연령별 경제활동상태
201605,2016,5,55~79세 전체,고용률,54.0,%,3,0,DT_1DE8031S,연령별 경제활동상태
201705,2017,5,55~79세 전체,고용률,55.0,%,3,0,DT_1DE8031S,연령별 경제활동상태
201805,2018,5,55~79세 전체,고용률,55.2,%,3,0,DT_1DE8031S,연령별 경제활동상태
201905,2019,5,55~79세 전체,고용률,55.9,%,3,0,DT_1DE8031S,연령별 경제활동상태
202005,2020,5,55~79세 전체,고용률,55.3,%,3,0,DT_1DE8031S,연령별 경제활동상태
202105,2021,5,55~79세 전체,고용률,56.0,%,3,0,DT_1DE8031S,연령별 경제활동상태
202205,2022,5,55~79세 전체,고용률,58.1,%,3,0,DT_1DE8031S,연령별 경제활동상태
202305,2023,5,55~79세 전체,고용률,58.9,%,3,0,DT_1DE8031S,연령별 경제활동상태
202405,2024,5,55~79세 전체,고용률,59.0,%,3,0,DT_1DE8031S,연령별 경제활동상태
202505,2025,5,55~79세 전체,고용률,59.5,%,3,0,DT_1DE8031S,연령별 경제활동상태
201005,2010,5,55~64세,고용률,62.9,%,3,1,DT_1DE8031S,연령별 경제활동상태
201105,2011,5,55~64세,고용률,64.0,%,3,1,DT_1DE8031S,연령별 경제활동상태
201205,2012,5,55~64세,고용률,65.4,%,3,1,DT_1DE8031S,연령별 경제활동상태
201305,2013,5,55~64세,고용률,66.0,%,3,1,DT_1DE8031S,연령별 경제활동상태
201405,2014,5,55~64세,고용률,67.4,%,3,1,DT_1DE8031S,연령별 경제활동상태
201505,2015,5,55~64세,고용률,67.1,%,3,1,DT_1DE8031S,연령별 경제활동상태
201605,2016,5,55~64세,고용률,66.7,%,3,1,DT_1DE8031S,연령별 경제활동상태
201705,2017,5,55~64세,고용률,68.4,%,3,1,DT_1DE8031S,연령별 경제활동상태
201805,2018,5,55~64세,고용률,67.9,%,3,1,DT_1DE8031S,연령별 경제활동상태
201905,2019,5,55~64세,고용률,67.9,%,3,1,DT_1DE8031S,연령별 경제활동상태
202005,2020,5,55~64세,고용률,66.9,%,3,1,DT_1DE8031S,연령별 경제활동상태
202105,2021,5,55~64세,고용률,67.1,%,3,1,DT_1DE8031S,연령별 경제활동상태
202205,2022,5,55~64세,고용률,69.9,%,3,1,DT_1DE8031S,연령별 경제활동상태
202305,2023,5,55~64세,고용률,70.8,%,3,1,DT_1DE8031S,연령별 경제활동상태
202405,2024,5,55~64세,고용률,70.5,%,3,1,DT_1DE8031S,연령별 경제활동상태
202505,2025,5,55~64세,고용률,71.1,%,3,1,DT_1DE8031S,연령별 경제활동상태
201005,2010,5,65~79세,고용률,36.7,%,3,2,DT_1DE8031S,연령별 경제활동상태
201105,2011,5,65~79세,고용률,36.0,%,3,2,DT_1DE8031S,연령별 경제활동상태
201205,2012,5,65~79세,고용률,37.4,%,3,2,DT_1DE8031S,연령별 경제활동상태
201305,2013,5,65~79세,고용률,38.1,%,3,2,DT_1DE8031S,연령별 경제활동상태
201405,2014,5,65~79세,고용률,38.1,%,3,2,DT_1DE8031S,연령별 경제활동상태
201505,2015,5,65~79세,고용률,37.6,%,3,2,DT_1DE8031S,연령별 경제활동상태
201605,2016,5,65~79세,고용률,37.3,%,3,2,DT_1DE8031S,연령별 경제활동상태
201705,2017,5,65~79세,고용률,37.4,%,3,2,DT_1DE8031S,연령별 경제활동상태
201805,2018,5,65~79세,고용률,38.3,%,3,2,DT_1DE8031S,연령별 경제활동상태
201905,2019,5,65~79세,고용률,40.1,%,3,2,DT_1DE8031S,연령별 경제활동상태
202005,2020,5,65~79세,고용률,40.4,%,3,2,DT_1DE8031S,연령별 경제활동상태
202105,2021,5,65~79세,고용률,42.4,%,3,2,DT_1DE8031S,연령별 경제활동상태
202205,2022,5,65~79세,고용률,43.9,%,3,2,DT_1DE8031S,연령별 경제활동상태
202305,2023,5,65~79세,고용률,45.2,%,3,2,DT_1DE8031S,연령별 경제활동상태
202405,2024,5,65~79세,고용률,46.3,%,3,2,DT_1DE8031S,연령별 경제활동상태
202505,2025,5,65~79세,고용률,47.2,%,3,2,DT_1DE8031S,연령별 경제활동상태
201005,2010,5,55~79세 전체,실업자,105.1,천명,4,0,DT_1DE8031S,연령별 경제활동상태
201105,2011,5,55~79세 전체,실업자,114.8,천명,4,0,DT_1DE8031S,연령별 경제활동상태
201205,2012,5,55~79세 전체,실업자,101.5,천명,4,0,DT_1DE8031S,연령별 경제활동상태
201305,2013,5,55~79세 전체,실업자,109.0,천명,4,0,DT_1DE8031S,연령별 경제활동상태
201405,2014,5,55~79세 전체,실업자,134.8,천명,4,0,DT_1DE8031S,연령별 경제활동상태
201505,2015,5,55~79세 전체,실업자,165.3,천명,4,0,DT_1DE8031S,연령별 경제활동상태
201605,2016,5,55~79세 전체,실업자,174.8,천명,4,0,DT_1DE8031S,연령별 경제활동상태
201705,2017,5,55~79세 전체,실업자,170.7,천명,4,0,DT_1DE8031S,연령별 경제활동상태
201805,2018,5,55~79세 전체,실업자,200.0,천명,4,0,DT_1DE8031S,연령별 경제활동상태
201905,2019,5,55~79세 전체,실업자,235.2,천명,4,0,DT_1DE8031S,연령별 경제활동상태
202005,2020,5,55~79세 전체,실업자,313.7,천명,4,0,DT_1DE8031S,연령별 경제활동상태
202105,2021,5,55~79세 전체,실업자,287.0,천명,4,0,DT_1DE8031S,연령별 경제활동상태
202205,2022,5,55~79세 전체,실업자,200.0,천명,4,0,DT_1DE8031S,연령별 경제활동상태
202305,2023,5,55~79세 전체,실업자,200.6,천명,4,0,DT_1DE8031S,연령별 경제활동상태
202405,2024,5,55~79세 전체,실업자,246.6,천명,4,0,DT_1DE8031S,연령별 경제활동상태
202505,2025,5,55~79세 전체,실업자,230.3,천명,4,0,DT_1DE8031S,연령별 경제활동상태
201005,2010,5,55~64세,실업자,87.3,천명,4,1,DT_1DE8031S,연령별 경제활동상태
201105,2011,5,55~64세,실업자,89.3,천명,4,1,DT_1DE8031S,연령별 경제활동상태
201205,2012,5,55~64세,실업자,81.4,천명,4,1,DT_1DE8031S,연령별 경제활동상태
201305,2013,5,55~64세,실업자,91.0,천명,4,1,DT_1DE8031S,연령별 경제활동상태
201405,2014,5,55~64세,실업자,107.9,천명,4,1,DT_1DE8031S,연령별 경제활동상태
201505,2015,5,55~64세,실업자,127.7,천명,4,1,DT_1DE8031S,연령별 경제활동상태
201605,2016,5,55~64세,실업자,139.1,천명,4,1,DT_1DE8031S,연령별 경제활동상태
201705,2017,5,55~64세,실업자,127.3,천명,4,1,DT_1DE8031S,연령별 경제활동상태
201805,2018,5,55~64세,실업자,158.1,천명,4,1,DT_1DE8031S,연령별 경제활동상태
201905,2019,5,55~64세,실업자,173.7,천명,4,1,DT_1DE8031S,연령별 경제활동상태
202005,2020,5,55~64세,실업자,219.5,천명,4,1,DT_1DE8031S,연령별 경제활동상태
202105,2021,5,55~64세,실업자,205.2,천명,4,1,DT_1DE8031S,연령별 경제활동상태
202205,2022,5,55~64세,실업자,142.9,천명,4,1,DT_1DE8031S,연령별 경제활동상태
202305,2023,5,55~64세,실업자,135.5,천명,4,1,DT_1DE8031S,연령별 경제활동상태
202405,2024,5,55~64세,실업자,176.6,천명,4,1,DT_1DE8031S,연령별 경제활동상태
202505,2025,5,55~64세,실업자,156.5,천명,4,1,DT_1DE8031S,연령별 경제활동상태
201005,2010,5,65~79세,실업자,17.8,천명,4,2,DT_1DE8031S,연령별 경제활동상태
201105,2011,5,65~79세,실업자,25.5,천명,4,2,DT_1DE8031S,연령별 경제활동상태
201205,2012,5,65~79세,실업자,20.1,천명,4,2,DT_1DE8031S,연령별 경제활동상태
201305,2013,5,65~79세,실업자,18.0,천명,4,2,DT_1DE8031S,연령별 경제활동상태
201405,2014,5,65~79세,실업자,26.9,천명,4,2,DT_1DE8031S,연령별 경제활동상태
201505,2015,5,65~79세,실업자,37.6,천명,4,2,DT_1DE8031S,연령별 경제활동상태
201605,2016,5,65~79세,실업자,35.6,천명,4,2,DT_1DE8031S,연령별 경제활동상태
201705,2017,5,65~79세,실업자,43.5,천명,4,2,DT_1DE8031S,연령별 경제활동상태
201805,2018,5,65~79세,실업자,41.9,천명,4,2,DT_1DE8031S,연령별 경제활동상태
201905,2019,5,65~79세,실업자,61.5,천명,4,2,DT_1DE8031S,연령별 경제활동상태
202005,2020,5,65~79세,실업자,94.2,천명,4,2,DT_1DE8031S,연령별 경제활동상태
202105,2021,5,65~79세,실업자,81.8,천명,4,2,DT_1DE8031S,연령별 경제활동상태
202205,2022,5,65~79세,실업자,57.1,천명,4,2,DT_1DE8031S,연령별 경제활동상태
202305,2023,5,65~79세,실업자,65.1,천명,4,2,DT_1DE8031S,연령별 경제활동상태
202405,2024,5,65~79세,실업자,69.9,천명,4,2,DT_1DE8031S,연령별 경제활동상태
202505,2025,5,65~79세,실업자,73.7,천명,4,2,DT_1DE8031S,연령별 경제활동상태
201005,2010,5,55~79세 전체,실업률,2.2,%,5,0,DT_1DE8031S,연령별 경제활동상태
201105,2011,5,55~79세 전체,실업률,2.2,%,5,0,DT_1DE8031S,연령별 경제활동상태
201205,2012,5,55~79세 전체,실업률,1.8,%,5,0,DT_1DE8031S,연령별 경제활동상태
201305,2013,5,55~79세 전체,실업률,1.9,%,5,0,DT_1DE8031S,연령별 경제활동상태
201405,2014,5,55~79세 전체,실업률,2.2,%,5,0,DT_1DE8031S,연령별 경제활동상태
201505,2015,5,55~79세 전체,실업률,2.5,%,5,0,DT_1DE8031S,연령별 경제활동상태
201605,2016,5,55~79세 전체,실업률,2.5,%,5,0,DT_1DE8031S,연령별 경제활동상태
201705,2017,5,55~79세 전체,실업률,2.3,%,5,0,DT_1DE8031S,연령별 경제활동상태
201805,2018,5,55~79세 전체,실업률,2.6,%,5,0,DT_1DE8031S,연령별 경제활동상태
201905,2019,5,55~79세 전체,실업률,2.9,%,5,0,DT_1DE8031S,연령별 경제활동상태
202005,2020,5,55~79세 전체,실업률,3.8,%,5,0,DT_1DE8031S,연령별 경제활동상태
202105,2021,5,55~79세 전체,실업률,3.4,%,5,0,DT_1DE8031S,연령별 경제활동상태
202205,2022,5,55~79세 전체,실업률,2.2,%,5,0,DT_1DE8031S,연령별 경제활동상태
202305,2023,5,55~79세 전체,실업률,2.2,%,5,0,DT_1DE8031S,연령별 경제활동상태
202405,2024,5,55~79세 전체,실업률,2.5,%,5,0,DT_1DE8031S,연령별 경제활동상태
202505,2025,5,55~79세 전체,실업률,2.3,%,5,0,DT_1DE8031S,연령별 경제활동상태
201005,2010,5,55~64세,실업률,2.7,%,5,1,DT_1DE8031S,연령별 경제활동상태
201105,2011,5,55~64세,실업률,2.6,%,5,1,DT_1DE8031S,연령별 경제활동상태
201205,2012,5,55~64세,실업률,2.2,%,5,1,DT_1DE8031S,연령별 경제활동상태
201305,2013,5,55~64세,실업률,2.3,%,5,1,DT_1DE8031S,연령별 경제활동상태
201405,2014,5,55~64세,실업률,2.5,%,5,1,DT_1DE8031S,연령별 경제활동상태
201505,2015,5,55~64세,실업률,2.8,%,5,1,DT_1DE8031S,연령별 경제활동상태
201605,2016,5,55~64세,실업률,2.9,%,5,1,DT_1DE8031S,연령별 경제활동상태
201705,2017,5,55~64세,실업률,2.5,%,5,1,DT_1DE8031S,연령별 경제활동상태
201805,2018,5,55~64세,실업률,2.9,%,5,1,DT_1DE8031S,연령별 경제활동상태
201905,2019,5,55~64세,실업률,3.1,%,5,1,DT_1DE8031S,연령별 경제활동상태
202005,2020,5,55~64세,실업률,3.9,%,5,1,DT_1DE8031S,연령별 경제활동상태
202105,2021,5,55~64세,실업률,3.6,%,5,1,DT_1DE8031S,연령별 경제활동상태
202205,2022,5,55~64세,실업률,2.4,%,5,1,DT_1DE8031S,연령별 경제활동상태
202305,2023,5,55~64세,실업률,2.3,%,5,1,DT_1DE8031S,연령별 경제활동상태
202405,2024,5,55~64세,실업률,2.9,%,5,1,DT_1DE8031S,연령별 경제활동상태
202505,2025,5,55~64세,실업률,2.5,%,5,1,DT_1DE8031S,연령별 경제활동상태
201005,2010,5,65~79세,실업률,1.1,%,5,2,DT_1DE8031S,연령별 경제활동상태
201105,2011,5,65~79세,실업률,1.5,%,5,2,DT_1DE8031S,연령별 경제활동상태
201205,2012,5,65~79세,실업률,1.1,%,5,2,DT_1DE8031S,연령별 경제활동상태
201305,2013,5,65~79세,실업률,0.9,%,5,2,DT_1DE8031S,연령별 경제활동상태
201405,2014,5,65~79세,실업률,1.4,%,5,2,DT_1DE8031S,연령별 경제활동상태
201505,2015,5,65~79세,실업률,1.9,%,5,2,DT_1DE8031S,연령별 경제활동상태
201605,2016,5,65~79세,실업률,1.7,%,5,2,DT_1DE8031S,연령별 경제활동상태
201705,2017,5,65~79세,실업률,2.0,%,5,2,DT_1DE8031S,연령별 경제활동상태
201805,2018,5,65~79세,실업률,1.9,%,5,2,DT_1DE8031S,연령별 경제활동상태
201905,2019,5,65~79세,실업률,2.5,%,5,2,DT_1DE8031S,연령별 경제활동상태
202005,2020,5,65~79세,실업률,3.6,%,5,2,DT_1DE8031S,연령별 경제활동상태
202105,2021,5,65~79세,실업률,2.8,%,5,2,DT_1DE8031S,연령별 경제활동상태
202205,2022,5,65~79세,실업률,1.9,%,5,2,DT_1DE8031S,연령별 경제활동상태
202305,2023,5,65~79세,실업률,2.0,%,5,2,DT_1DE8031S,연령별 경제활동상태
202405,2024,5,65~79세,실업률,2.0,%,5,2,DT_1DE8031S,연령별 경제활동상태
202505,2025,5,65~79세,실업률,1.9,%,5,2,DT_1DE8031S,연령별 경제활동상태
201005,2010,5,55~79세 전체,비경제활동인구,4558.1,천명,6,0,DT_1DE8031S,연령별 경제활동상태
201105,2011,5,55~79세 전체,비경제활동인구,4726.5,천명,6,0,DT_1DE8031S,연령별 경제활동상태
201205,2012,5,55~79세 전체,비경제활동인구,4808.4,천명,6,0,DT_1DE8031S,연령별 경제활동상태
201305,2013,5,55~79세 전체,비경제활동인구,4972.5,천명,6,0,DT_1DE8031S,연령별 경제활동상태
201405,2014,5,55~79세 전체,비경제활동인구,5061.3,천명,6,0,DT_1DE8031S,연령별 경제활동상태
201505,2015,5,55~79세 전체,비경제활동인구,5265.0,천명,6,0,DT_1DE8031S,연령별 경제활동상태
201605,2016,5,55~79세 전체,비경제활동인구,5547.8,천명,6,0,DT_1DE8031S,연령별 경제활동상태
201705,2017,5,55~79세 전체,비경제활동인구,5642.1,천명,6,0,DT_1DE8031S,연령별 경제활동상태
201805,2018,5,55~79세 전체,비경제활동인구,5819.8,천명,6,0,DT_1DE8031S,연령별 경제활동상태
201905,2019,5,55~79세 전체,비경제활동인구,5869.2,천명,6,0,DT_1DE8031S,연령별 경제활동상태
202005,2020,5,55~79세 전체,비경제활동인구,6063.0,천명,6,0,DT_1DE8031S,연령별 경제활동상태
202105,2021,5,55~79세 전체,비경제활동인구,6202.6,천명,6,0,DT_1DE8031S,연령별 경제활동상태
202205,2022,5,55~79세 전체,비경제활동인구,6126.0,천명,6,0,DT_1DE8031S,연령별 경제활동상태
202305,2023,5,55~79세 전체,비경제활동인구,6160.5,천명,6,0,DT_1DE8031S,연령별 경제활동상태
202405,2024,5,55~79세 전체,비경제활동인구,6300.3,천명,6,0,DT_1DE8031S,연령별 경제활동상태
202505,2025,5,55~79세 전체,비경제활동인구,6436.8,천명,6,0,DT_1DE8031S,연령별 경제활동상태
201005,2010,5,55~64세,비경제활동인구,1765.1,천명,6,1,DT_1DE8031S,연령별 경제활동상태
201105,2011,5,55~64세,비경제활동인구,1827.7,천명,6,1,DT_1DE8031S,연령별 경제활동상태
201205,2012,5,55~64세,비경제활동인구,1848.4,천명,6,1,DT_1DE8031S,연령별 경제활동상태
201305,2013,5,55~64세,비경제활동인구,1903.8,천명,6,1,DT_1DE8031S,연령별 경제활동상태
201405,2014,5,55~64세,비경제활동인구,1909.8,천명,6,1,DT_1DE8031S,연령별 경제활동상태
201505,2015,5,55~64세,비경제활동인구,2040.6,천명,6,1,DT_1DE8031S,연령별 경제활동상태
201605,2016,5,55~64세,비경제활동인구,2208.6,천명,6,1,DT_1DE8031S,연령별 경제활동상태
201705,2017,5,55~64세,비경제활동인구,2197.7,천명,6,1,DT_1DE8031S,연령별 경제활동상태
201805,2018,5,55~64세,비경제활동인구,2305.5,천명,6,1,DT_1DE8031S,연령별 경제활동상태
201905,2019,5,55~64세,비경제활동인구,2359.1,천명,6,1,DT_1DE8031S,연령별 경제활동상태
202005,2020,5,55~64세,비경제활동인구,2431.5,천명,6,1,DT_1DE8031S,연령별 경제활동상태
202105,2021,5,55~64세,비경제활동인구,2477.2,천명,6,1,DT_1DE8031S,연령별 경제활동상태
202205,2022,5,55~64세,비경제활동인구,2336.6,천명,6,1,DT_1DE8031S,연령별 경제활동상태
202305,2023,5,55~64세,비경제활동인구,2288.1,천명,6,1,DT_1DE8031S,연령별 경제활동상태
202405,2024,5,55~64세,비경제활동인구,2304.6,천명,6,1,DT_1DE8031S,연령별 경제활동상태
202505,2025,5,55~64세,비경제활동인구,2274.6,천명,6,1,DT_1DE8031S,연령별 경제활동상태
201005,2010,5,65~79세,비경제활동인구,2793.0,천명,6,2,DT_1DE8031S,연령별 경제활동상태
201105,2011,5,65~79세,비경제활동인구,2898.8,천명,6,2,DT_1DE8031S,연령별 경제활동상태
201205,2012,5,65~79세,비경제활동인구,2960.0,천명,6,2,DT_1DE8031S,연령별 경제활동상태
201305,2013,5,65~79세,비경제활동인구,3068.6,천명,6,2,DT_1DE8031S,연령별 경제활동상태
201405,2014,5,65~79세,비경제활동인구,3151.5,천명,6,2,DT_1DE8031S,연령별 경제활동상태
201505,2015,5,65~79세,비경제활동인구,3224.4,천명,6,2,DT_1DE8031S,연령별 경제활동상태
201605,2016,5,65~79세,비경제활동인구,3339.2,천명,6,2,DT_1DE8031S,연령별 경제활동상태
201705,2017,5,65~79세,비경제활동인구,3444.4,천명,6,2,DT_1DE8031S,연령별 경제활동상태
201805,2018,5,65~79세,비경제활동인구,3514.3,천명,6,2,DT_1DE8031S,연령별 경제활동상태
201905,2019,5,65~79세,비경제활동인구,3510.2,천명,6,2,DT_1DE8031S,연령별 경제활동상태
202005,2020,5,65~79세,비경제활동인구,3631.5,천명,6,2,DT_1DE8031S,연령별 경제활동상태
202105,2021,5,65~79세,비경제활동인구,3725.4,천명,6,2,DT_1DE8031S,연령별 경제활동상태
202205,2022,5,65~79세,비경제활동인구,3789.5,천명,6,2,DT_1DE8031S,연령별 경제활동상태
202305,2023,5,65~79세,비경제활동인구,3872.4,천명,6,2,DT_1DE8031S,연령별 경제활동상태
202405,2024,5,65~79세,비경제활동인구,3995.7,천명,6,2,DT_1DE8031S,연령별 경제활동상태
202505,2025,5,65~79세,비경제활동인구,4162.2,천명,6,2,DT_1DE8031S,연령별 경제활동상태
