year,region_code,region,under40_owner_households,under40_nonowner_households,under40_homeownership_rate,under40_nonowner_rate,births,crude_birth_rate,marriages,crude_marriage_rate,capital_area
2015,00,전국,1580500.0,3049869.0,34.13,65.87,438420.0,8.6,302828.0,5.9,False
2016,00,전국,1496177.0,3104838.0,32.52,67.48,406243.0,7.9,281635.0,5.5,False
2017,00,전국,1492411.0,3120566.0,32.35,67.65,357771.0,7.0,264455.0,5.2,False
2018,00,전국,1502969.0,3149433.0,32.31,67.69,326822.0,6.4,257622.0,5.0,False
2019,00,전국,1459360.0,3255215.0,30.95,69.05,302676.0,5.9,239159.0,4.7,False
2020,00,전국,1441226.0,3454959.0,29.44,70.56,272337.0,5.3,213502.0,4.2,False
2021,00,전국,1467386.0,3537423.0,29.32,70.68,260562.0,5.1,192507.0,3.8,False
2022,00,전국,1388532.0,3590832.0,27.89,72.11,249186.0,4.9,191690.0,3.7,False
2023,00,전국,1324481.0,3612021.0,26.83,73.17,230028.0,4.5,193657.0,3.8,False
2024,00,전국,1288440.0,3612321.0,26.29,73.71,238317.0,4.7,222412.0,4.4,False
2015,11,서울특별시,273411.0,799401.0,25.49,74.51,83005.0,8.4,64193.0,6.5,True
2016,11,서울특별시,254579.0,805519.0,24.01,75.99,75536.0,7.7,57643.0,5.9,True
2017,11,서울특별시,255503.0,812659.0,23.92,76.08,65389.0,6.7,53776.0,5.5,True
2018,11,서울특별시,256389.0,831304.0,23.57,76.43,58074.0,6.0,52005.0,5.4,True
2019,11,서울특별시,245129.0,869069.0,22.0,78.0,53673.0,5.6,48261.0,5.0,True
2020,11,서울특별시,249473.0,909288.0,21.53,78.47,47445.0,5.0,44746.0,4.7,True
2021,11,서울특별시,259139.0,928238.0,21.82,78.18,45531.0,4.8,37012.0,3.9,True
2022,11,서울특별시,245898.0,957322.0,20.44,79.56,42602.0,4.5,35752.0,3.8,True
2023,11,서울특별시,228428.0,982832.0,18.86,81.14,39456.0,4.2,36324.0,3.9,True
2024,11,서울특별시,216129.0,992856.0,17.88,82.12,41605.0,4.5,42471.0,4.6,True
2015,21,부산광역시,99636.0,174942.0,36.29,63.71,26645.0,7.7,18553.0,5.3,False
2016,21,부산광역시,96011.0,176594.0,35.22,64.78,24906.0,7.2,17113.0,4.9,False
2017,21,부산광역시,95315.0,181420.0,34.44,65.56,21480.0,6.2,15677.0,4.5,False
2018,21,부산광역시,91874.0,186080.0,33.05,66.95,19152.0,5.6,14781.0,4.3,False
2019,21,부산광역시,85007.0,194400.0,30.42,69.58,17049.0,5.0,13780.0,4.1,False
2020,21,부산광역시,81573.0,207482.0,28.22,71.78,15058.0,4.5,12128.0,3.6,False
2021,21,부산광역시,82993.0,214744.0,27.87,72.13,14446.0,4.3,11081.0,3.3,False
2022,21,부산광역시,80068.0,219446.0,26.73,73.27,14134.0,4.3,10618.0,3.2,False
2023,21,부산광역시,75735.0,221038.0,25.52,74.48,12866.0,3.9,10303.0,3.1,False
2024,21,부산광역시,70586.0,222472.0,24.09,75.91,13063.0,4.0,11499.0,3.5,False
2015,22,대구광역시,70188.0,127798.0,35.45,64.55,19438.0,7.9,12545.0,5.1,False
2016,22,대구광역시,67011.0,125667.0,34.78,65.22,18298.0,7.4,12216.0,5.0,False
2017,22,대구광역시,67700.0,126135.0,34.93,65.07,15946.0,6.5,11392.0,4.6,False
2018,22,대구광역시,68105.0,127509.0,34.82,65.18,14400.0,5.9,10967.0,4.5,False
2019,22,대구광역시,65230.0,133123.0,32.89,67.11,13233.0,5.4,9880.0,4.1,False
2020,22,대구광역시,62154.0,138474.0,30.98,69.02,11193.0,4.6,8340.0,3.5,False
2021,22,대구광역시,61635.0,142357.0,30.21,69.79,10661.0,4.5,7287.0,3.1,False
2022,22,대구광역시,57790.0,144564.0,28.56,71.44,10134.0,4.3,7497.0,3.2,False
2023,22,대구광역시,56068.0,146824.0,27.63,72.37,9410.0,4.0,8150.0,3.4,False
2024,22,대구광역시,58577.0,144284.0,28.88,71.12,10103.0,4.3,9289.0,3.9,False
2015,23,인천광역시,99151.0,153060.0,39.31,60.69,25491.0,8.8,17118.0,5.9,True
2016,23,인천광역시,94822.0,155747.0,37.84,62.16,23609.0,8.1,16092.0,5.5,True
2017,23,인천광역시,93515.0,155686.0,37.53,62.47,20445.0,7.0,15235.0,5.2,True
2018,23,인천광역시,92558.0,152523.0,37.77,62.23,20087.0,6.9,14850.0,5.1,True
2019,23,인천광역시,87661.0,162706.0,35.01,64.99,18522.0,6.3,13401.0,4.6,True
2020,23,인천광역시,83257.0,171949.0,32.62,67.38,16040.0,5.5,11574.0,4.0,True
2021,23,인천광역시,85261.0,181283.0,31.99,68.01,14947.0,5.1,10881.0,3.7,True
2022,23,인천광역시,81168.0,187603.0,30.2,69.8,14464.0,4.9,10849.0,3.7,True
2023,23,인천광역시,78025.0,192131.0,28.88,71.12,13659.0,4.6,11621.0,3.9,True
2024,23,인천광역시,76287.0,195362.0,28.08,71.92,15236.0,5.1,13223.0,4.4,True
2015,24,광주광역시,55102.0,99495.0,35.64,64.36,12441.0,8.5,7945.0,5.4,False
2016,24,광주광역시,51546.0,97435.0,34.6,65.4,11580.0,7.9,7468.0,5.1,False
2017,24,광주광역시,49750.0,97557.0,33.77,66.23,10120.0,6.9,7141.0,4.9,False
2018,24,광주광역시,50159.0,95226.0,34.5,65.5,9105.0,6.3,6632.0,4.6,False
2019,24,광주광역시,48460.0,98067.0,33.07,66.93,8364.0,5.8,6297.0,4.3,False
2020,24,광주광역시,46638.0,102915.0,31.18,68.82,7318.0,5.1,5560.0,3.8,False
2021,24,광주광역시,47641.0,106257.0,30.96,69.04,7956.0,5.5,4901.0,3.4,False
2022,24,광주광역시,45527.0,106274.0,29.99,70.01,7446.0,5.2,4902.0,3.4,False
2023,24,광주광역시,43053.0,104446.0,29.19,70.81,6172.0,4.3,5169.0,3.6,False
2024,24,광주광역시,40884.0,102541.0,28.51,71.49,6034.0,4.3,5688.0,4.0,False
2015,25,대전광역시,49863.0,117693.0,29.76,70.24,13774.0,9.1,8805.0,5.8,False
2016,25,대전광역시,46071.0,122352.0,27.35,72.65,12436.0,8.3,8325.0,5.5,False
2017,25,대전광역시,43469.0,126281.0,25.61,74.39,10851.0,7.2,7697.0,5.1,False
2018,25,대전광역시,43553.0,126401.0,25.63,74.37,9337.0,6.3,7377.0,5.0,False
2019,25,대전광역시,41128.0,130221.0,24.0,76.0,8410.0,5.7,6602.0,4.5,False
2020,25,대전광역시,40657.0,144768.0,21.93,78.07,7481.0,5.1,5976.0,4.1,False
2021,25,대전광역시,41327.0,143998.0,22.3,77.7,7414.0,5.1,5419.0,3.7,False
2022,25,대전광역시,39554.0,144112.0,21.54,78.46,7677.0,5.3,5662.0,3.9,False
2023,25,대전광역시,38191.0,147048.0,20.62,79.38,7194.0,5.0,5212.0,3.6,False
2024,25,대전광역시,36208.0,147322.0,19.73,80.27,7266.0,5.1,7986.0,5.6,False
2015,26,울산광역시,47118.0,57618.0,44.99,55.01,11732.0,10.1,7483.0,6.4,False
2016,26,울산광역시,45797.0,56319.0,44.85,55.15,10910.0,9.4,7006.0,6.0,False
2017,26,울산광역시,44851.0,54144.0,45.31,54.69,9381.0,8.1,6331.0,5.4,False
2018,26,울산광역시,43783.0,52188.0,45.62,54.38,8149.0,7.1,5894.0,5.1,False
2019,26,울산광역시,41223.0,53843.0,43.36,56.64,7539.0,6.6,5442.0,4.7,False
2020,26,울산광역시,40167.0,53589.0,42.84,57.16,6617.0,5.8,4737.0,4.2,False
2021,26,울산광역시,38119.0,55195.0,40.85,59.15,6127.0,5.5,4077.0,3.6,False
2022,26,울산광역시,34767.0,54879.0,38.78,61.22,5399.0,4.9,4013.0,3.6,False
2023,26,울산광역시,31179.0,56151.0,35.7,64.3,5082.0,4.6,4274.0,3.9,False
2024,26,울산광역시,30323.0,55903.0,35.17,64.83,5282.0,4.8,4726.0,4.3,False
2015,29,세종특별자치시,9455.0,17787.0,34.71,65.29,2708.0,14.8,1498.0,8.2,False
2016,29,세종특별자치시,10739.0,23464.0,31.4,68.6,3297.0,14.6,1612.0,7.1,False
2017,29,세종특별자치시,12813.0,26092.0,32.93,67.07,3504.0,13.4,1728.0,6.6,False
2018,29,세종특별자치시,15014.0,29267.0,33.91,66.09,3703.0,12.5,2038.0,6.9,False
2019,29,세종특별자치시,14800.0,31834.0,31.74,68.26,3819.0,11.7,2039.0,6.2,False
2020,29,세종특별자치시,14395.0,35208.0,29.02,70.98,3468.0,10.0,1854.0,5.3,False
2021,29,세종특별자치시,14244.0,34392.0,29.29,70.71,3570.0,9.8,1627.0,4.5,False
2022,29,세종특별자치시,16301.0,34414.0,32.14,67.86,3209.0,8.5,1664.0,4.4,False
2023,29,세종특별자치시,15617.0,33709.0,31.66,68.34,2761.0,7.2,1705.0,4.4,False
2024,29,세종특별자치시,15359.0,32897.0,31.83,68.17,2895.0,7.5,1842.0,4.8,False
2015,31,경기도,393713.0,710809.0,35.65,64.35,113495.0,9.2,73950.0,6.0,True
2016,31,경기도,376497.0,719601.0,34.35,65.65,105643.0,8.4,70052.0,5.6,True
2017,31,경기도,378294.0,726140.0,34.25,65.75,94088.0,7.4,66429.0,5.2,True
2018,31,경기도,391313.0,744986.0,34.44,65.56,88175.0,6.9,66877.0,5.2,True
2019,31,경기도,394007.0,774347.0,33.72,66.28,83198.0,6.4,62356.0,4.8,True
2020,31,경기도,394006.0,823391.0,32.36,67.64,77737.0,5.9,57814.0,4.4,True
2021,31,경기도,407827.0,858138.0,32.21,67.79,76139.0,5.7,54658.0,4.1,True
2022,31,경기도,386732.0,877466.0,30.59,69.41,75323.0,5.6,54178.0,4.0,True
2023,31,경기도,377726.0,858655.0,30.55,69.45,68817.0,5.1,54221.0,4.0,True
2024,31,경기도,374224.0,857416.0,30.38,69.62,71285.0,5.2,62629.0,4.6,True
2015,32,강원특별자치도,39195.0,89406.0,30.48,69.52,10929.0,7.1,7876.0,5.1,False
2016,32,강원특별자치도,36370.0,92948.0,28.12,71.88,10058.0,6.5,7468.0,4.9,False
2017,32,강원특별자치도,35845.0,89064.0,28.7,71.3,8958.0,5.8,7295.0,4.7,False
2018,32,강원특별자치도,35590.0,88435.0,28.7,71.3,8351.0,5.4,6994.0,4.6,False
2019,32,강원특별자치도,36065.0,84705.0,29.86,70.14,8283.0,5.4,6762.0,4.4,False
2020,32,강원특별자치도,37245.0,95175.0,28.13,71.87,7835.0,5.1,5868.0,3.8,False
2021,32,강원특별자치도,38296.0,93514.0,29.05,70.95,7357.0,4.8,5622.0,3.7,False
2022,32,강원특별자치도,37386.0,92056.0,28.88,71.12,7278.0,4.8,5572.0,3.6,False
2023,32,강원특별자치도,35733.0,94599.0,27.42,72.58,6688.0,4.4,5494.0,3.6,False
2024,32,강원특별자치도,35591.0,93032.0,27.67,72.33,6592.0,4.3,6143.0,4.0,False
2015,33,충청북도,51960.0,87416.0,37.28,62.72,13563.0,8.6,8872.0,5.6,False
2016,33,충청북도,47579.0,96446.0,33.04,66.96,12742.0,8.1,8334.0,5.3,False
2017,33,충청북도,46616.0,97386.0,32.37,67.63,11394.0,7.2,7990.0,5.0,False
2018,33,충청북도,47267.0,98254.0,32.48,67.52,10586.0,6.7,7827.0,4.9,False
2019,33,충청북도,47244.0,102092.0,31.64,68.36,9333.0,5.9,7239.0,4.6,False
2020,33,충청북도,47671.0,112283.0,29.8,70.2,8607.0,5.4,6682.0,4.2,False
2021,33,충청북도,48523.0,113073.0,30.03,69.97,8190.0,5.1,5882.0,3.7,False
2022,33,충청북도,45849.0,111706.0,29.1,70.9,7452.0,4.7,6185.0,3.9,False
2023,33,충청북도,45260.0,115594.0,28.14,71.86,7580.0,4.8,6212.0,3.9,False
2024,33,충청북도,43958.0,114351.0,27.77,72.23,7540.0,4.7,6784.0,4.3,False
2015,34,충청남도,71091.0,126492.0,35.98,64.02,18604.0,9.0,12331.0,6.0,False
2016,34,충청남도,70404.0,129354.0,35.24,64.76,17302.0,8.3,11792.0,5.7,False
2017,34,충청남도,71133.0,131175.0,35.16,64.84,15670.0,7.5,10961.0,5.2,False
2018,34,충청남도,72165.0,131319.0,35.46,64.54,14380.0,6.8,10970.0,5.2,False
2019,34,충청남도,70472.0,132109.0,34.79,65.21,13228.0,6.3,9826.0,4.7,False
2020,34,충청남도,68104.0,142876.0,32.28,67.72,11950.0,5.7,8493.0,4.0,False
2021,34,충청남도,66341.0,144694.0,31.44,68.56,10984.0,5.2,8016.0,3.8,False
2022,34,충청남도,61988.0,145030.0,29.94,70.06,10221.0,4.8,8017.0,3.8,False
2023,34,충청남도,59608.0,146076.0,28.98,71.02,9436.0,4.5,8264.0,3.9,False
2024,34,충청남도,59070.0,146248.0,28.77,71.23,9855.0,4.6,9176.0,4.3,False
2015,35,전북특별자치도,55267.0,92708.0,37.35,62.65,14087.0,7.6,9060.0,4.9,False
2016,35,전북특별자치도,49734.0,96995.0,33.9,66.1,12698.0,6.8,8216.0,4.4,False
2017,35,전북특별자치도,48209.0,95347.0,33.58,66.42,11348.0,6.1,7817.0,4.2,False
2018,35,전북특별자치도,47559.0,93315.0,33.76,66.24,10001.0,5.5,7219.0,3.9,False
2019,35,전북특별자치도,45440.0,94243.0,32.53,67.47,8971.0,4.9,7005.0,3.9,False
2020,35,전북특별자치도,44127.0,100863.0,30.43,69.57,8165.0,4.5,6053.0,3.4,False
2021,35,전북특별자치도,44696.0,104217.0,30.01,69.99,7475.0,4.2,5325.0,3.0,False
2022,35,전북특별자치도,40762.0,102854.0,28.38,71.62,7032.0,4.0,5394.0,3.0,False
2023,35,전북특별자치도,39598.0,102667.0,27.83,72.17,6622.0,3.8,5483.0,3.1,False
2024,35,전북특별자치도,37714.0,101066.0,27.18,72.82,6780.0,3.9,6388.0,3.7,False
2015,36,전라남도,50461.0,72846.0,40.92,59.08,15061.0,8.0,9275.0,4.9,False
2016,36,전라남도,46395.0,77008.0,37.6,62.4,13980.0,7.4,8554.0,4.5,False
2017,36,전라남도,46194.0,75521.0,37.95,62.05,12354.0,6.5,8049.0,4.3,False
2018,36,전라남도,47363.0,72766.0,39.43,60.57,11238.0,6.0,7587.0,4.0,False
2019,36,전라남도,45663.0,73483.0,38.33,61.67,10832.0,5.8,7413.0,4.0,False
2020,36,전라남도,46833.0,78882.0,37.25,62.75,9738.0,5.3,6365.0,3.4,False
2021,36,전라남도,47955.0,78345.0,37.97,62.03,8430.0,4.6,6201.0,3.4,False
2022,36,전라남도,45772.0,76419.0,37.46,62.54,7888.0,4.3,6181.0,3.4,False
2023,36,전라남도,44223.0,75759.0,36.86,63.14,7828.0,4.3,6157.0,3.4,False
2024,36,전라남도,42006.0,76341.0,35.49,64.51,8225.0,4.6,7049.0,3.9,False
2015,37,경상북도,81198.0,137052.0,37.2,62.8,22310.0,8.3,14273.0,5.3,False
2016,37,경상북도,76222.0,141322.0,35.04,64.96,20616.0,7.7,13363.0,5.0,False
2017,37,경상북도,75961.0,139615.0,35.24,64.76,17957.0,6.7,12190.0,4.6,False
2018,37,경상북도,75544.0,135172.0,35.85,64.15,16079.0,6.0,11687.0,4.4,False
2019,37,경상북도,72627.0,134645.0,35.04,64.96,14472.0,5.5,10637.0,4.0,False
2020,37,경상북도,70703.0,144849.0,32.8,67.2,12873.0,4.9,9046.0,3.4,False
2021,37,경상북도,70946.0,144514.0,32.93,67.07,12045.0,4.6,8163.0,3.1,False
2022,37,경상북도,64556.0,143782.0,30.99,69.01,11311.0,4.3,8180.0,3.1,False
2023,37,경상북도,60412.0,145235.0,29.38,70.62,10186.0,4.0,8128.0,3.2,False
2024,37,경상북도,60648.0,142812.0,29.81,70.19,10333.0,4.1,9067.0,3.6,False
2015,38,경상남도,116369.0,154662.0,42.94,57.06,29537.0,8.9,18671.0,5.6,False
2016,38,경상남도,109427.0,156088.0,41.21,58.79,27138.0,8.1,17580.0,5.3,False
2017,38,경상남도,109673.0,152379.0,41.85,58.15,23849.0,7.1,15978.0,4.8,False
2018,38,경상남도,106629.0,149149.0,41.69,58.31,21224.0,6.3,14996.0,4.5,False
2019,38,경상남도,101718.0,150455.0,40.34,59.66,19250.0,5.7,13613.0,4.1,False
2020,38,경상남도,97220.0,154483.0,38.62,61.38,16823.0,5.0,11900.0,3.6,False
2021,38,경상남도,95087.0,155426.0,37.96,62.04,15562.0,4.7,10531.0,3.2,False
2022,38,경상남도,87534.0,154462.0,36.17,63.83,14017.0,4.3,10504.0,3.2,False
2023,38,경상남도,79461.0,152038.0,34.32,65.68,13049.0,4.0,10232.0,3.1,False
2024,38,경상남도,75142.0,151518.0,33.15,66.85,13067.0,4.0,11429.0,3.5,False
2015,39,제주특별자치도,17322.0,30684.0,36.08,63.92,5600.0,9.2,3676.0,6.0,False
2016,39,제주특별자치도,16973.0,31979.0,34.67,65.33,5494.0,8.7,3705.0,5.9,False
2017,39,제주특별자치도,17570.0,33965.0,34.09,65.91,5037.0,7.8,3654.0,5.7,False
2018,39,제주특별자치도,18104.0,35539.0,33.75,66.25,4781.0,7.3,3638.0,5.5,False
2019,39,제주특별자치도,17486.0,35873.0,32.77,67.23,4500.0,6.8,3358.0,5.1,False
2020,39,제주특별자치도,17003.0,38484.0,30.64,69.36,3989.0,6.0,2981.0,4.5,False
2021,39,제주특별자치도,17356.0,39038.0,30.78,69.22,3728.0,5.6,2661.0,4.0,False
2022,39,제주특별자치도,16880.0,38443.0,30.51,69.49,3599.0,5.3,2718.0,4.0,False
2023,39,제주특별자치도,16164.0,37219.0,30.28,69.72,3222.0,4.8,2614.0,3.9,False
2024,39,제주특별자치도,15734.0,35900.0,30.47,69.53,3156.0,4.7,2744.0,4.1,False
