C1_NM,C1_NM_ENG,n_years,start_year,end_year,start_population,end_population,absolute_change,change_pct,slope_people_per_year,slope_per_10k_people,r2,C1,trend_class
화성시,Hwaseong-si,21,2004,2024,271563,968821,697258,256.76,35194.3,3.519,0.976,41590,급격한 증가
세종시,Sejong_si,13,2012,2024,113117,390685,277568,245.38,25638.5,2.564,0.938,36110,급격한 증가
용인시,Yongin-si,21,2004,2024,640452,1085864,445412,69.55,20894.2,2.089,0.94,41460,급격한 증가
김포시,Gimpo-si,21,2004,2024,208192,486853,278661,133.85,17383.0,1.738,0.964,41570,급격한 증가
남양주시,Namyangju-si,21,2004,2024,418360,732482,314122,75.08,16265.7,1.627,0.966,41360,급격한 증가
청주시,Cheongju-si,21,2004,2024,624288,854537,230249,36.88,14996.1,1.5,0.842,43110,급격한 증가
서구,Seo-gu,21,2004,2024,362269,634064,271795,75.03,13159.3,1.316,0.969,28260,급격한 증가
파주시,Paju-si,21,2004,2024,246323,511308,264985,107.58,12842.5,1.284,0.974,41480,급격한 증가
하남시,Hanam-si,21,2004,2024,129903,329120,199217,153.36,11575.9,1.158,0.862,41450,급격한 증가
평택시,Pyeongtaek-si,21,2004,2024,370653,598556,227903,61.49,11153.3,1.115,0.951,41220,급격한 증가
광주시,Gwangju-si,21,2004,2024,205641,397605,191964,93.35,10850.4,1.085,0.981,41610,급격한 증가
고양시,Goyang-si,21,2004,2024,886000,1070120,184120,20.78,10475.4,1.048,0.962,41280,급격한 증가
기흥구,Giheung-gu,20,2005,2024,224770,436351,211581,94.13,9667.8,0.967,0.85,41463,급격한 증가
수원시,Suwon-si,21,2004,2024,1033829,1193005,159176,15.4,9201.1,0.92,0.852,41110,급격한 증가
천안시,Cheonan-si,21,2004,2024,503082,659920,156838,31.18,8732.1,0.873,0.97,44130,급격한 증가
제주시,Jeju-si,21,2004,2024,296068,488348,192280,64.94,8309.1,0.831,0.81,50110,급격한 증가
양산시,Yangsan-si,21,2004,2024,213695,359531,145836,68.24,8278.1,0.828,0.966,48330,급격한 증가
유성구,Yuseong-gu,21,2004,2024,203478,369468,165990,81.58,7889.1,0.789,0.927,30200,급격한 증가
연수구,Yeonsu-gu,21,2004,2024,255998,400213,144215,56.33,7839.4,0.784,0.955,28185,급격한 증가
영통구,Yondtong-gu,21,2004,2024,242136,361305,119169,49.22,7569.5,0.757,0.913,41117,급격한 증가
서북구,seobuk-gu,17,2008,2024,302428,398748,96320,31.85,7465.7,0.747,0.944,44133,급격한 증가
시흥시,Siheung-si,21,2004,2024,378613,518132,139519,36.85,7387.4,0.739,0.788,41390,급격한 증가
아산시,Asan-si,21,2004,2024,200938,355014,154076,76.68,7293.8,0.729,0.959,44200,급격한 증가
덕양구,Deogyang-gu,21,2004,2024,385784,493097,107313,27.82,6617.4,0.662,0.937,41281,급격한 증가
달성군,Dalseong-gun,21,2004,2024,155905,257580,101675,65.22,6476.7,0.648,0.914,27710,급격한 증가
남동구,Nam-dong,21,2004,2024,384244,486225,101981,26.54,6329.8,0.633,0.585,28200,급격한 증가
기장군,Gijang-gun,21,2004,2024,79788,175626,95838,120.12,6205.9,0.621,0.941,26710,급격한 증가
오산시,Osan-si,21,2004,2024,121326,242065,120739,99.52,5818.5,0.582,0.912,41370,급격한 증가
수지구,Suji-gu,20,2005,2024,272060,375351,103291,37.97,5734.2,0.573,0.963,41465,급격한 증가
강서구,Gangseo-gu,21,2004,2024,54711,142789,88078,160.99,5723.6,0.572,0.926,26440,급격한 증가
광산구,Gwangsan-gu,21,2004,2024,296101,391611,95510,32.26,5465.3,0.547,0.753,29200,급격한 증가
양주시,Yangju-si,21,2004,2024,152596,289005,136409,89.39,5132.1,0.513,0.905,41630,급격한 증가
김해시,Gimhae-si,21,2004,2024,427432,531676,104244,24.39,5055.6,0.506,0.799,48250,급격한 증가
권선구,Gwonseon-gu,21,2004,2024,287081,362642,75561,26.32,4447.5,0.445,0.88,41113,증가
청원군,Cheongwon-gun,10,2004,2013,119745,155002,35257,29.44,4260.2,0.426,0.83,43710,증가
처인구,Cheoin-gu,20,2005,2024,196830,274162,77332,39.29,4165.5,0.417,0.938,41461,증가
북구,Buk-gu,21,2004,2024,139165,216522,77357,55.59,4093.1,0.409,0.953,31200,증가
원주시,Wonju-si,21,2004,2024,284628,362164,77536,27.24,4031.6,0.403,0.99,51130,증가
중구,Jung-gu,21,2004,2024,89993,167113,77120,85.7,3897.7,0.39,0.906,28110,증가
서귀포시,Seogwipo-si,21,2004,2024,83770,182020,98250,117.29,3745.8,0.375,0.669,50130,증가
일산동구,Ilsandong-gu,20,2005,2024,225546,294123,68577,30.4,3122.0,0.312,0.784,41285,증가
의정부시,Uijeongbu-si,21,2004,2024,397612,461271,63659,16.01,3004.2,0.3,0.908,41150,증가
울주군,Ulju-gun,21,2004,2024,174350,218806,44456,25.5,2548.4,0.255,0.834,31710,증가
덕진구,Deokjin-gu,21,2004,2024,276849,313741,36892,13.33,2541.9,0.254,0.865,52113,증가
거제시,Geoje-si,21,2004,2024,190141,232972,42831,22.53,2310.4,0.231,0.525,48310,증가
양평군,Yangpyeong-gun,21,2004,2024,84673,126804,42131,49.76,2276.1,0.228,0.99,41830,증가
경산시,Gyeongsan-si,21,2004,2024,219579,266398,46819,21.32,2272.1,0.227,0.949,47290,증가
분당구,Bundang-gu,21,2004,2024,442891,471154,28263,6.38,2256.8,0.226,0.351,41135,증가
송파구,Songpa-gu,21,2004,2024,604293,650110,45817,7.58,1751.6,0.175,0.192,11710,증가
구미시,Gumi-si,21,2004,2024,365681,404820,39139,10.7,1735.0,0.173,0.445,47190,증가
춘천시,Chuncheon-si,21,2004,2024,254323,286069,31746,12.48,1714.2,0.171,0.938,51110,증가
이천시,Icheon-si,21,2004,2024,190808,222443,31635,16.58,1699.7,0.17,0.974,41500,증가
안성시,Anseong-si,21,2004,2024,154110,193949,39839,25.85,1683.3,0.168,0.859,41550,증가
진천군,Jincheon-gun,21,2004,2024,60347,86537,26190,43.4,1596.3,0.16,0.904,43750,증가
무안군,Muan-gun,21,2004,2024,62472,92687,30215,48.37,1569.0,0.157,0.94,46840,증가
서산시,Seosan-si,21,2004,2024,150131,174445,24314,16.2,1475.6,0.148,0.945,44210,증가
나주시,Naju-si,21,2004,2024,99308,116654,17346,17.47,1449.6,0.145,0.62,46170,증가
전주시,Jeonju-si,21,2004,2024,622472,635651,13179,2.12,1396.0,0.14,0.52,52110,증가
의왕시,Uiwang-si,21,2004,2024,145535,154488,8953,6.15,1173.5,0.117,0.636,41430,증가
진해구,Jinhae-gu,15,2010,2024,175859,188739,12880,7.32,1144.1,0.114,0.737,48129,증가
북구,Buk-gu,21,2004,2024,251521,270968,19447,7.73,1126.2,0.113,0.714,47113,증가
강서구,Gangseo-gu,21,2004,2024,541671,556171,14500,2.68,1065.8,0.107,0.174,11500,증가
청원구,Cheongwon-gu,11,2014,2024,174975,189126,14151,8.09,1026.0,0.103,0.263,43114,증가
당진시,Dangjin-si,13,2012,2024,155104,171931,16827,10.85,993.3,0.099,0.76,44270,완만한 증가
동남구,dongnam-gu,17,2008,2024,235270,261172,25902,11.01,942.4,0.094,0.374,44131,완만한 증가
광양시,Gwangyang-si,21,2004,2024,137601,154692,17091,12.42,902.5,0.09,0.708,46230,완만한 증가
완주군,Wanju-gun,21,2004,2024,82482,99279,16797,20.36,796.8,0.08,0.795,52710,완만한 증가
홍성군,Hongseong-gun,21,2004,2024,91223,99198,7975,8.74,698.1,0.07,0.659,44800,완만한 증가
진주시,Jinju-si,21,2004,2024,337425,338785,1360,0.4,696.4,0.07,0.545,48170,완만한 증가
순천시,Suncheon-si,21,2004,2024,270059,276329,6270,2.32,601.7,0.06,0.754,46150,완만한 증가
계룡시,Gyerong-si,21,2004,2024,31174,46540,15366,49.29,496.6,0.05,0.676,44250,완만한 증가
과천시,Gwacheon-si,21,2004,2024,68333,85512,17179,25.14,452.6,0.045,0.136,41290,완만한 증가
가평군,Gapyeong-gun,21,2004,2024,54845,62527,7682,14.01,435.4,0.044,0.823,41820,완만한 증가
서초구,Seocho-gu,21,2004,2024,400868,408376,7508,1.87,427.9,0.043,0.025,11650,완만한 증가
여주시,Yeoju-si,12,2013,2024,109343,114610,5267,4.82,388.9,0.039,0.839,41670,완만한 증가
증평군,Jeungpyeong-gun,21,2004,2024,30899,37171,6272,20.3,388.8,0.039,0.867,43745,완만한 증가
예천군,Yecheon-gun,21,2004,2024,52132,54609,2477,4.75,355.2,0.036,0.299,47900,완만한 증가
음성군,Eumseong-gun,21,2004,2024,85638,91236,5598,6.54,348.6,0.035,0.373,43770,완만한 증가
동구,Dong-gu,21,2004,2024,344328,342339,-1989,-0.58,336.6,0.034,0.133,27140,완만한 증가
중구,Jung-gu,21,2004,2024,79911,97711,17800,22.27,329.2,0.033,0.165,27110,완만한 증가
동두천시,Dongducheon-si,21,2004,2024,79214,86838,7624,9.62,319.7,0.032,0.134,41250,완만한 증가
옹진군,Ongjin-gun,21,2004,2024,14820,19996,5176,34.93,259.4,0.026,0.655,28720,완만한 증가
일산서구,Ilsanseo-gu,20,2005,2024,289230,282900,-6330,-2.19,251.0,0.025,0.063,41287,완만한 증가
소사구,Sosa-gu,12,2004,2015,221932,222016,84,0.04,227.9,0.023,0.055,41197,완만한 증가
강화군,Ganghwa-gun,21,2004,2024,65114,69402,4288,6.59,221.3,0.022,0.892,28710,완만한 증가
횡성군,Hoengseong-gun,21,2004,2024,44297,46111,1814,4.1,186.6,0.019,0.836,51730,완만한 증가
충주시,Chungju-si,21,2004,2024,207534,207241,-293,-0.14,161.2,0.016,0.389,43130,완만한 증가
칠곡군,Chilgok-gun,21,2004,2024,106475,107383,908,0.85,58.6,0.006,0.005,47850,완만한 증가
은평구,Eunpyeong-gu,21,2004,2024,478087,460919,-17168,-3.59,54.5,0.005,0.001,11380,완만한 증가
양구군,Yanggu-gun,21,2004,2024,21692,20621,-1071,-4.94,20.4,0.002,0.013,51800,완만한 증가
원미구,Wonmi-gu,12,2004,2015,444837,442898,-1939,-0.44,18.3,0.002,0.001,41195,완만한 증가
화천군,Hwacheon-gun,21,2004,2024,24267,22922,-1345,-5.54,10.2,0.001,0.003,51790,완만한 증가
괴산군,Goesan-gun,21,2004,2024,39586,36252,-3334,-8.42,-0.3,-0.0,0.0,43760,완만한 감소
인제군,Inje-gun,21,2004,2024,32443,31535,-908,-2.8,-15.7,-0.002,0.043,51810,완만한 감소
김천시,Gimcheon-si,21,2004,2024,143527,135446,-8081,-5.63,-16.5,-0.002,0.001,47150,완만한 감소
남구,Nam-gu,21,2004,2024,213321,207597,-5724,-2.68,-19.7,-0.002,0.001,29155,완만한 감소
군산시,Gunsan-si,21,2004,2024,265168,258047,-7121,-2.69,-22.9,-0.002,0.0,52130,완만한 감소
울릉군,Ulleung-gun,21,2004,2024,9191,9099,-92,-1.0,-53.7,-0.005,0.295,47940,완만한 감소
양양군,Yangyang-gun,21,2004,2024,29187,27489,-1698,-5.82,-62.5,-0.006,0.5,51830,완만한 감소
산청군,Sancheong-gun,21,2004,2024,36849,33259,-3590,-9.74,-94.5,-0.009,0.411,48860,완만한 감소
함안군,Haman-gun,21,2004,2024,62081,58842,-3239,-5.22,-108.2,-0.011,0.047,48730,완만한 감소
태안군,Taean-gun,21,2004,2024,63764,60133,-3631,-5.69,-123.3,-0.012,0.528,44825,완만한 감소
무주군,Muju-gun,21,2004,2024,26183,23032,-3151,-12.03,-151.1,-0.015,0.886,52730,완만한 감소
구리시,Guri-si,21,2004,2024,193438,186882,-6556,-3.39,-153.2,-0.015,0.041,41310,완만한 감소
홍천군,Hongcheon-gun,21,2004,2024,71907,66717,-5190,-7.22,-155.0,-0.016,0.633,51720,완만한 감소
사천시,Sacheon-si,21,2004,2024,112670,108504,-4166,-3.7,-156.5,-0.016,0.166,48240,완만한 감소
영월군,Yeongwol-gun,21,2004,2024,42406,36721,-5685,-13.41,-197.1,-0.02,0.804,51750,완만한 감소
평창군,Pyeongchang-gun,21,2004,2024,45311,40396,-4915,-10.85,-210.9,-0.021,0.889,51760,완만한 감소
영양군,Yeongyang-gun,21,2004,2024,20205,15328,-4877,-24.14,-213.9,-0.021,0.962,47760,완만한 감소
함양군,Hamyang-gun,21,2004,2024,41922,36131,-5791,-13.81,-214.2,-0.021,0.77,48870,완만한 감소
수영구,Suyeong-gu,21,2004,2024,180576,171918,-8658,-4.79,-215.1,-0.022,0.399,26500,완만한 감소
장수군,Jangsu-gun,21,2004,2024,26788,20663,-6125,-22.86,-220.0,-0.022,0.775,52740,완만한 감소
청양군,Cheongyang-gun,21,2004,2024,35626,29658,-5968,-16.75,-220.8,-0.022,0.826,44790,완만한 감소
거창군,Geochang-gun,21,2004,2024,65615,59588,-6027,-9.19,-222.3,-0.022,0.851,48880,완만한 감소
성주군,Seongju-gun,21,2004,2024,47731,41452,-6279,-13.15,-231.7,-0.023,0.851,47840,완만한 감소
구례군,Gurye-gun,21,2004,2024,30232,24025,-6207,-20.53,-234.0,-0.023,0.843,46730,완만한 감소
오정구,Ojeong-gu,12,2004,2015,188928,184073,-4855,-2.57,-234.8,-0.023,0.05,41199,완만한 감소
군위군,Gunwi-gun,19,2004,2022,28825,23340,-5485,-19.03,-236.8,-0.024,0.764,47720,완만한 감소
고령군,Goryeong-gun,21,2004,2024,34522,30062,-4460,-12.92,-250.8,-0.025,0.682,47830,완만한 감소
고성군,Goseong-gun,21,2004,2024,32361,26999,-5362,-16.57,-251.2,-0.025,0.836,51820,완만한 감소
담양군,Damyang-gun,21,2004,2024,50613,44623,-5990,-11.83,-251.2,-0.025,0.864,46710,완만한 감소
청송군,Cheongsong-gun,21,2004,2024,30099,23716,-6383,-21.21,-253.5,-0.025,0.918,47750,완만한 감소
연천군,Yeoncheon-gun,21,2004,2024,48687,40866,-7821,-16.06,-258.6,-0.026,0.758,41800,완만한 감소
진안군,Jinan-gun,21,2004,2024,30757,24161,-6596,-21.45,-259.6,-0.026,0.829,52720,완만한 감소
속초시,Sokcho-si,21,2004,2024,87933,80933,-7000,-7.96,-261.3,-0.026,0.756,51210,완만한 감소
창녕군,Changnyeong-gun,21,2004,2024,66074,56085,-9989,-15.12,-268.0,-0.027,0.453,48740,완만한 감소
순창군,Sunchang-gun,21,2004,2024,31814,26822,-4992,-15.69,-273.7,-0.027,0.879,52770,완만한 감소
청도군,Cheongdo-gun,21,2004,2024,47678,40582,-7096,-14.88,-275.4,-0.028,0.93,47820,완만한 감소
장성군,Jangseong-gun,21,2004,2024,50200,42026,-8174,-16.28,-293.8,-0.029,0.836,46880,완만한 감소
보은군,Boeun-gun,21,2004,2024,38062,30527,-7535,-19.8,-293.9,-0.029,0.916,43720,완만한 감소
단양군,Danyang-gun,21,2004,2024,34743,27352,-7391,-21.27,-317.1,-0.032,0.952,43800,완만한 감소
임실군,Imsil-gun,21,2004,2024,33008,25577,-7431,-22.51,-322.7,-0.032,0.876,52750,완만한 감소
봉화군,Bonghwa-gun,21,2004,2024,37526,28836,-8690,-23.16,-342.5,-0.034,0.916,47920,완만한 감소
의령군,Uiryeong-gun,21,2004,2024,32371,25150,-7221,-22.31,-344.3,-0.034,0.98,48720,완만한 감소
영동군,Yeongdong-gun,21,2004,2024,52597,43551,-9046,-17.2,-345.5,-0.035,0.708,43740,완만한 감소
영천시,Yeongcheon-si,21,2004,2024,109520,98143,-11377,-10.39,-353.2,-0.035,0.681,47230,완만한 감소
철원군,Cheorwon-gun,21,2004,2024,49650,40497,-9153,-18.44,-355.2,-0.036,0.713,51780,완만한 감소
옥천군,Okcheon-gun,21,2004,2024,56634,48204,-8430,-14.89,-359.1,-0.036,0.979,43730,완만한 감소
제천시,Jecheon-si,21,2004,2024,138872,128569,-10303,-7.42,-371.8,-0.037,0.679,43150,완만한 감소
곡성군,Gokseong-gun,21,2004,2024,34396,26566,-7830,-22.76,-381.7,-0.038,0.977,46720,완만한 감소
진도군,Jindo-gun,21,2004,2024,37329,28478,-8851,-23.71,-386.1,-0.039,0.974,46900,완만한 감소
고성군,Goseong-gun,21,2004,2024,57400,48005,-9395,-16.37,-403.2,-0.04,0.761,48820,완만한 감소
성산구,Seongsan-gu,15,2010,2024,251073,244489,-6584,-2.62,-429.3,-0.043,0.028,48123,완만한 감소
문경시,Mungyeong-si,21,2004,2024,79552,67257,-12295,-15.46,-467.0,-0.047,0.83,47280,완만한 감소
금산군,Geumsan-gun,21,2004,2024,60048,49615,-10433,-17.37,-471.9,-0.047,0.962,44710,완만한 감소
함평군,Hampyeong-gun,21,2004,2024,40205,30010,-10195,-25.36,-485.3,-0.049,0.984,46860,완만한 감소
영광군,Yeonggwang-gun,21,2004,2024,62959,52098,-10861,-17.25,-489.2,-0.049,0.934,46870,완만한 감소
울진군,Uljin-gun,21,2004,2024,58590,46124,-12466,-21.28,-489.8,-0.049,0.914,47930,완만한 감소
정선군,Jeongseon-gun,21,2004,2024,45419,33515,-11904,-26.21,-498.9,-0.05,0.963,51770,완만한 감소
신안군,Sinan-gun,21,2004,2024,47591,38173,-9418,-19.79,-503.5,-0.05,0.959,46910,완만한 감소
연제구,Yeonje-gu,21,2004,2024,221853,212589,-9264,-4.18,-522.8,-0.052,0.598,26470,완만한 감소
장흥군,Jangheung-gun,21,2004,2024,46568,34451,-12117,-26.02,-526.1,-0.053,0.877,46800,완만한 감소
동해시,Donghae-si,21,2004,2024,100727,87675,-13052,-12.96,-542.6,-0.054,0.948,51170,완만한 감소
삼척시,Samcheok-si,21,2004,2024,74301,61735,-12566,-16.91,-558.3,-0.056,0.795,51230,완만한 감소
영암군,Yeongam-gun,21,2004,2024,62336,51391,-10945,-17.56,-559.3,-0.056,0.954,46830,완만한 감소
포항시,Pohang-si,21,2004,2024,507129,491581,-15548,-3.07,-567.3,-0.057,0.174,47110,완만한 감소
강진군,Gangjin-gun,21,2004,2024,43550,32189,-11361,-26.09,-568.6,-0.057,0.949,46810,완만한 감소
강남구,Gangnam-gu,21,2004,2024,531517,557345,25828,4.86,-573.5,-0.057,0.06,11680,완만한 감소
중구,Jung-gu,21,2004,2024,131971,120544,-11427,-8.66,-579.5,-0.058,0.756,11140,완만한 감소
고창군,Gochang-gun,21,2004,2024,65203,50982,-14221,-21.81,-587.2,-0.059,0.835,52790,완만한 감소
완도군,Wando-gun,21,2004,2024,59950,45631,-14319,-23.88,-588.9,-0.059,0.945,46890,완만한 감소
마산합포구,Masanhappo-gu,15,2010,2024,186420,178211,-8209,-4.4,-593.8,-0.059,0.726,48125,완만한 감소
영덕군,Yeongdeok-gun,21,2004,2024,45826,33210,-12616,-27.53,-596.9,-0.06,0.968,47770,완만한 감소
밀양시,Miryang-si,21,2004,2024,115459,100691,-14768,-12.79,-597.0,-0.06,0.95,48270,완만한 감소
보령시,Boryeong-si,21,2004,2024,108861,93780,-15081,-13.85,-665.2,-0.067,0.905,44180,완만한 감소
동구,Dong-gu,21,2004,2024,117733,106203,-11530,-9.79,-666.0,-0.067,0.391,29110,완만한 감소
동래구,Dongnae-gu,21,2004,2024,279366,274370,-4996,-1.79,-672.3,-0.067,0.578,26260,완만한 감소
남해군,Namhae-gun,21,2004,2024,53129,39832,-13297,-25.03,-676.2,-0.068,0.951,48840,완만한 감소
통영시,Tongyeong-si,21,2004,2024,132959,118481,-14478,-10.89,-678.1,-0.068,0.398,48220,완만한 감소
하동군,Ha-dong,21,2004,2024,54881,40765,-14116,-25.72,-683.2,-0.068,0.904,48850,완만한 감소
화순군,Hwasun-gun,21,2004,2024,75023,60735,-14288,-19.04,-683.3,-0.068,0.985,46790,완만한 감소
포천시,Pocheon-si,21,2004,2024,150364,141463,-8901,-5.92,-687.8,-0.069,0.616,41650,완만한 감소
군포시,Gunpo-si,21,2004,2024,275761,255931,-19830,-7.19,-712.6,-0.071,0.24,41410,완만한 감소
강릉시,Gangneung-si,21,2004,2024,227259,207731,-19528,-8.59,-728.9,-0.073,0.911,51150,완만한 감소
중구,Jung-gu,21,2004,2024,53179,37537,-15642,-29.41,-730.0,-0.073,0.979,26110,완만한 감소
태백시,Taebaek-si,21,2004,2024,53264,37936,-15328,-28.78,-746.3,-0.075,0.943,51190,완만한 감소
예산군,Yesan-gun,21,2004,2024,91832,78772,-13060,-14.22,-752.5,-0.075,0.958,44810,완만한 감소
장안구,Jangan-gu,21,2004,2024,283770,274661,-9109,-3.21,-787.3,-0.079,0.25,41111,완만한 감소
의성군,Uiseong-gun,21,2004,2024,66124,48690,-17434,-26.37,-788.7,-0.079,0.973,47730,완만한 감소
서천군,Seocheon-gun,21,2004,2024,65650,48204,-17446,-26.57,-803.7,-0.08,0.981,44770,완만한 감소
부안군,Buan-gun,21,2004,2024,66766,48066,-18700,-28.01,-827.3,-0.083,0.973,52800,완만한 감소
보성군,Boseong-gun,21,2004,2024,54288,37045,-17243,-31.76,-828.6,-0.083,0.994,46780,완만한 감소
남원시,Namwon-si,21,2004,2024,96243,75647,-20596,-21.4,-845.7,-0.085,0.959,52190,완만한 감소
상주시,Sangju-si,21,2004,2024,112585,91850,-20735,-18.42,-852.2,-0.085,0.95,47250,완만한 감소
남구,Nam-gu,14,2004,2017,430889,419267,-11622,-2.7,-859.7,-0.086,0.299,28170,완만한 감소
합천군,Hapcheon-gun,21,2004,2024,57909,40225,-17684,-30.54,-866.0,-0.087,0.98,48890,완만한 감소
안동시,Andong-si,21,2004,2024,174037,153159,-20878,-12.0,-881.1,-0.088,0.774,47170,완만한 감소
영주시,Yeongju-si,21,2004,2024,121513,98870,-22643,-18.63,-1015.1,-0.102,0.962,47210,감소
부여군,Buyeo-gun,21,2004,2024,83260,59550,-23710,-28.48,-1064.7,-0.106,0.986,44760,감소
동구,Dong-gu,21,2004,2024,81243,58296,-22947,-28.24,-1107.4,-0.111,0.854,28140,감소
강동구,Gang-dong,21,2004,2024,471145,476942,5797,1.23,-1112.5,-0.111,0.139,11740,감소
용산구,Yongsan-gu,21,2004,2024,230107,203854,-26253,-11.41,-1118.0,-0.112,0.456,11170,감소
해남군,Haenam-gun,21,2004,2024,87736,63120,-24616,-28.06,-1138.4,-0.114,0.982,46820,감소
완산구,Wansan-gu,21,2004,2024,345623,321910,-23713,-6.86,-1145.9,-0.115,0.298,52111,감소
논산시,Nonsan-si,21,2004,2024,135572,108529,-27043,-19.95,-1171.3,-0.117,0.947,44230,감소
김제시,Gimje-si,21,2004,2024,105195,80635,-24560,-23.35,-1175.4,-0.118,0.973,52210,감소
고흥군,Goheung-gun,21,2004,2024,86747,60190,-26557,-30.61,-1196.8,-0.12,0.962,46770,감소
중구,Jung-gu,21,2004,2024,235232,207000,-28232,-12.0,-1286.7,-0.129,0.482,31110,감소
수정구,Sujeong-gu,21,2004,2024,262170,234877,-27293,-10.41,-1295.7,-0.13,0.452,41131,감소
서구,Seo-gu,21,2004,2024,315987,279050,-36937,-11.69,-1300.0,-0.13,0.556,29140,감소
동구,Dong-gu,21,2004,2024,114204,85911,-28293,-24.77,-1335.2,-0.134,0.927,26170,감소
정읍시,Jeongeup-si,21,2004,2024,132285,102127,-30158,-22.8,-1344.5,-0.134,0.983,52180,감소
마포구,Mapo-gu,21,2004,2024,383457,361417,-22040,-5.75,-1374.3,-0.137,0.783,11440,감소
동구,Dong-gu,21,2004,2024,238532,218513,-20019,-8.39,-1382.9,-0.138,0.549,30110,감소
동작구,Dongjak-gu,21,2004,2024,410945,375799,-35146,-8.55,-1470.9,-0.147,0.742,11590,감소
경주시,Gyeongju-si,21,2004,2024,277870,244769,-33101,-11.91,-1485.7,-0.149,0.99,47130,감소
여수시,Yeosu-si,21,2004,2024,305312,267816,-37496,-12.28,-1513.5,-0.151,0.934,46130,감소
금천구,Geumcheon-gu,21,2004,2024,259633,225159,-34474,-13.28,-1520.2,-0.152,0.965,11545,감소
구로구,Guro-gu,21,2004,2024,416828,388169,-28659,-6.88,-1545.5,-0.155,0.609,11530,감소
상록구,Sangnok-gu,21,2004,2024,350368,327191,-23177,-6.62,-1593.8,-0.159,0.333,41271,감소
목포시,Mokpo-si,21,2004,2024,241717,209890,-31827,-13.17,-1625.8,-0.163,0.778,46110,감소
공주시,Gongju-si,21,2004,2024,130280,101285,-28995,-22.26,-1632.5,-0.163,0.971,44150,감소
해운대구,Haeundae-gu,21,2004,2024,403432,376404,-27028,-6.7,-1680.2,-0.168,0.429,26350,감소
남구,Nam-gu,21,2004,2024,255608,220613,-34995,-13.69,-1693.4,-0.169,0.893,47111,감소
동구,Dong-gu,21,2004,2024,185383,150836,-34547,-18.64,-1728.3,-0.173,0.86,31170,감소
종로구,Jongno-gu,21,2004,2024,174372,138336,-36036,-20.67,-1735.5,-0.174,0.925,11110,감소
만안구,Manan-gu,21,2004,2024,265601,229971,-35630,-13.41,-1906.8,-0.191,0.893,41171,감소
서구,Seo-gu,21,2004,2024,142460,103188,-39272,-27.57,-1936.4,-0.194,0.969,26140,감소
단원구,Danwon-gu,21,2004,2024,316416,293388,-23028,-7.28,-1942.8,-0.194,0.678,41273,감소
광명시,Gwangmyeong-si,21,2004,2024,331419,278167,-53252,-16.07,-2002.1,-0.2,0.255,41210,감소
팔달구,Paldal-gu,21,2004,2024,220842,194397,-26445,-11.97,-2028.7,-0.203,0.728,41115,감소
수성구,Suseong-gu,21,2004,2024,443881,409107,-34774,-7.83,-2048.2,-0.205,0.499,27260,감소
남구,Nam-gu,21,2004,2024,347323,304885,-42438,-12.22,-2084.5,-0.208,0.747,31140,감소
북구,Buk-gu,21,2004,2024,459741,413010,-46731,-10.16,-2144.8,-0.214,0.894,27230,감소
서구,Seo-gu,21,2004,2024,508552,457951,-50601,-9.95,-2235.9,-0.224,0.916,30170,감소
동대문구,Dongdaemun-gu,21,2004,2024,379404,338735,-40669,-10.72,-2287.5,-0.229,0.952,11230,감소
영등포구,Yeongdeungpo-gu,21,2004,2024,406261,373773,-32488,-8.0,-2292.9,-0.229,0.792,11560,감소
북구,Buk-gu,21,2004,2024,458030,423961,-34069,-7.44,-2297.2,-0.23,0.808,29170,감소
중구,Jung-gu,21,2004,2024,265962,225008,-40954,-15.4,-2334.3,-0.233,0.851,30140,감소
서대문구,Seodaemun-gu,21,2004,2024,352071,302853,-49218,-13.98,-2338.4,-0.234,0.803,11410,감소
남구,Nam-gu,21,2004,2024,181381,136263,-45118,-24.87,-2376.6,-0.238,0.988,27200,감소
광진구,Gwangjin-gu,21,2004,2024,380537,331963,-48574,-12.76,-2394.3,-0.239,0.931,11215,감소
익산시,Iksan-si,21,2004,2024,322378,268001,-54377,-16.87,-2485.9,-0.249,0.914,52140,감소
금정구,Geumjeong-gu,21,2004,2024,271046,209932,-61114,-22.55,-2500.2,-0.25,0.904,26410,감소
남구,Nam-gu,21,2004,2024,304481,254498,-49983,-16.42,-2570.7,-0.257,0.933,26290,감소
성남시,Seongnam-si,21,2004,2024,977166,913009,-64157,-6.57,-2572.0,-0.257,0.508,41130,감소
동안구,Dongan-gu,21,2004,2024,355446,326521,-28925,-8.14,-2625.1,-0.263,0.767,41173,감소
성북구,Seongbuk-gu,21,2004,2024,451122,421560,-29562,-6.55,-2658.2,-0.266,0.609,11290,감소
중랑구,Jungnang-gu,21,2004,2024,433858,379274,-54584,-12.58,-2672.2,-0.267,0.925,11260,감소
성동구,Seongdong-gu,21,2004,2024,339113,273669,-65444,-19.3,-2743.1,-0.274,0.814,11200,감소
대덕구,Daedeok-gu,21,2004,2024,226947,168217,-58730,-25.88,-2919.8,-0.292,0.977,30230,감소
관악구,Gwanak-gu,21,2004,2024,530156,477812,-52344,-9.87,-2995.6,-0.3,0.939,11620,감소
북구,Buk-gu,21,2004,2024,333316,267692,-65624,-19.69,-3023.9,-0.302,0.935,26320,감소
부산진구,Busanjin-gu,21,2004,2024,405534,359281,-46253,-11.41,-3042.9,-0.304,0.941,26230,감소
의창구,Uichang-gu,15,2010,2024,251647,209695,-41952,-16.67,-3114.2,-0.311,0.526,48121,감소
영도구,Yeongdo-gu,21,2004,2024,166054,103737,-62317,-37.53,-3165.1,-0.317,0.998,26200,감소
계양구,Gyeyang-gu,21,2004,2024,337103,280227,-56876,-16.87,-3289.2,-0.329,0.76,28245,감소
강북구,Gangbuk-gu,21,2004,2024,360525,283597,-76928,-21.34,-3468.3,-0.347,0.918,11305,감소
중원구,Jungwon-gu,21,2004,2024,272105,206978,-65127,-23.93,-3533.1,-0.353,0.943,41133,감소
안산시,Ansan-si,21,2004,2024,666784,620579,-46205,-6.93,-3536.5,-0.354,0.513,41270,감소
달서구,Dalseo-gu,21,2004,2024,601467,522021,-79446,-13.21,-3592.2,-0.359,0.636,27290,감소
마산회원구,Masanhoewon-gu,15,2010,2024,225182,178724,-46458,-20.63,-3647.7,-0.365,0.987,48127,감소
양천구,Yangcheon-gu,21,2004,2024,495098,430976,-64122,-12.95,-3734.2,-0.373,0.878,11470,감소
도봉구,Dobong-gu,21,2004,2024,381939,303228,-78711,-20.61,-4005.8,-0.401,0.962,11320,감소
사하구,Saha-gu,21,2004,2024,374248,292491,-81757,-21.85,-4113.7,-0.411,0.971,26380,감소
사상구,Sasang-gu,21,2004,2024,282097,198635,-83462,-29.59,-4131.5,-0.413,0.991,26530,감소
부천시,Bucheon-si,21,2004,2024,855697,769918,-85779,-10.02,-4208.7,-0.421,0.682,41190,감소
상당구,Sangdang-gu,21,2004,2024,255214,197952,-57262,-22.44,-4298.7,-0.43,0.635,43111,감소
서원구,Seowon-gu,11,2014,2024,224727,181621,-43106,-19.18,-4459.0,-0.446,0.979,43112,감소
부평구,Bupyeong-gu,21,2004,2024,557144,493200,-63944,-11.48,-4525.0,-0.452,0.809,28237,감소
안양시,Anyang-si,21,2004,2024,621047,556492,-64555,-10.39,-4531.9,-0.453,0.895,41170,감소
서구,Seo-gu,21,2004,2024,258098,163135,-94963,-36.79,-4955.4,-0.496,0.979,27170,감소
창원시,Changwon-si,15,2010,2024,1090181,999858,-90323,-8.29,-6640.9,-0.664,0.974,48120,급격한 감소
노원구,Nowon-gu,21,2004,2024,628184,491247,-136937,-21.8,-7245.1,-0.725,0.956,11350,급격한 감소
흥덕구,Heungdeok-gu,21,2004,2024,369074,285838,-83236,-22.55,-8365.0,-0.837,0.534,43113,급격한 감소
