C1_NM,C1_NM_ENG,n_years,start_year,end_year,start_population,end_population,absolute_change,change_pct,slope_people_per_year,slope_per_10k_people,r2,C1,age_group,age_group_label,trend_class
화성시,Hwaseong-si,17,2008,2024,449354,968821,519467,115.6,35076.7,3.508,0.957,41590,total,전체 인구,급격한 증가
세종특별자치시,sejong-si,13,2012,2024,113117,390685,277568,245.38,25638.5,2.564,0.938,36110,total,전체 인구,급격한 증가
김포시,Gimpo-si,17,2008,2024,220418,486853,266435,120.88,19377.2,1.938,0.975,41570,total,전체 인구,급격한 증가
용인시,Yongin-si,17,2008,2024,816763,1085864,269101,32.95,17325.9,1.733,0.958,41460,total,전체 인구,급격한 증가
청주시,Cheongju-si,17,2008,2024,638663,854537,215874,33.8,15963.6,1.596,0.77,43110,total,전체 인구,급격한 증가
하남시,Hanam-si,17,2008,2024,143638,329120,185482,129.13,14491.4,1.449,0.906,41450,total,전체 인구,급격한 증가
남양주시,Namyangju-si,17,2008,2024,505867,732482,226615,44.8,14428.6,1.443,0.955,41360,total,전체 인구,급격한 증가
서구,Seo-gu,17,2008,2024,393346,634064,240718,61.2,14100.5,1.41,0.959,28260,total,전체 인구,급격한 증가
평택시,Pyeongtaek-si,17,2008,2024,406721,598556,191835,47.17,12698.9,1.27,0.959,41220,total,전체 인구,급격한 증가
파주시,Paju-si,17,2008,2024,311164,511308,200144,64.32,11575.7,1.158,0.968,41480,total,전체 인구,급격한 증가
광주시,Gwangju-si,17,2008,2024,234777,397605,162828,69.35,11468.7,1.147,0.975,41610,total,전체 인구,급격한 증가
고양시,Goyang-si,17,2008,2024,938831,1070120,131289,13.98,10066.9,1.007,0.929,41280,total,전체 인구,급격한 증가
시흥시,Siheung-si,17,2008,2024,392756,518132,125376,31.92,9388.8,0.939,0.821,41390,total,전체 인구,급격한 증가
연수구,Yeonsu-gu,17,2008,2024,268668,400213,131545,48.96,9099.2,0.91,0.977,28185,total,전체 인구,급격한 증가
수원시,Suwon-si,17,2008,2024,1067425,1193005,125580,11.76,8588.7,0.859,0.734,41110,total,전체 인구,급격한 증가
천안시,Cheonan-si,17,2008,2024,537698,659920,122222,22.73,8408.2,0.841,0.943,44130,total,전체 인구,급격한 증가
양산시,Yangsan-si,17,2008,2024,243012,359531,116519,47.95,8232.0,0.823,0.938,48330,total,전체 인구,급격한 증가
영통구,Yeongtong-gu,17,2008,2024,260210,361305,101095,38.85,7804.1,0.78,0.859,41117,total,전체 인구,급격한 증가
덕양구,Deogyang-gu,17,2008,2024,386817,493097,106280,27.48,7796.5,0.78,0.973,41281,total,전체 인구,급격한 증가
서북구,Sebuk-gu,17,2008,2024,302428,398748,96320,31.85,7465.7,0.747,0.944,44133,total,전체 인구,급격한 증가
기흥구,Giheung-gu,17,2008,2024,315461,436351,120890,38.32,7209.2,0.721,0.872,41463,total,전체 인구,급격한 증가
달성군,Dalseong-gun,17,2008,2024,171001,257580,86579,50.63,7129.2,0.713,0.89,27710,total,전체 인구,급격한 증가
강서구,Gangseo-gu,17,2008,2024,52156,142789,90633,173.77,6742.6,0.674,0.951,26440,total,전체 인구,급격한 증가
유성구,Yuseong-gu,17,2008,2024,259831,369468,109637,42.2,6502.1,0.65,0.904,30200,total,전체 인구,급격한 증가
기장군,Gijang-gun,17,2008,2024,81159,175626,94467,116.4,6294.1,0.629,0.906,26710,total,전체 인구,급격한 증가
제주시,Jeju-si,17,2008,2024,407498,488348,80850,19.84,6177.4,0.618,0.916,50110,total,전체 인구,급격한 증가
아산시,Asan-si,17,2008,2024,240942,355014,114072,47.34,6079.3,0.608,0.972,44200,total,전체 인구,급격한 증가
수지구,Suji-gu,17,2008,2024,297497,375351,77854,26.17,5426.7,0.543,0.947,41465,total,전체 인구,급격한 증가
양주시,Yangju-si,17,2008,2024,179914,289005,109091,60.64,5296.6,0.53,0.85,41630,total,전체 인구,급격한 증가
중구,Jung-gu,17,2008,2024,88713,167113,78400,88.37,4886.4,0.489,0.969,28110,total,전체 인구,증가
처인구,Cheoin-gu,17,2008,2024,203805,274162,70357,34.52,4690.1,0.469,0.95,41461,total,전체 인구,증가
오산시,Osan-si,17,2008,2024,150237,242065,91828,61.12,4653.5,0.465,0.87,41370,total,전체 인구,증가
권선구,Gwonseon-gu,17,2008,2024,308177,362642,54465,17.67,4419.6,0.442,0.8,41113,total,전체 인구,증가
원주시,Wonju-si,17,2008,2024,303975,362164,58189,19.14,3776.3,0.378,0.988,51130,total,전체 인구,증가
광산구,Gwangsan-gu,17,2008,2024,320660,391611,70951,22.13,3552.5,0.355,0.542,29200,total,전체 인구,증가
북구,Buk-gu,17,2008,2024,166469,216522,50053,30.07,3488.6,0.349,0.94,31200,total,전체 인구,증가
김해시,Gimhae-si,17,2008,2024,477572,531676,54104,11.33,3085.7,0.309,0.729,48250,total,전체 인구,증가
덕진구,Deokjin-gu,17,2008,2024,279273,313741,34468,12.34,2867.1,0.287,0.84,52113,total,전체 인구,증가
의정부시,Uijeongbu-si,17,2008,2024,430849,461271,30422,7.06,2612.9,0.261,0.861,41150,total,전체 인구,증가
서귀포시,Seogwipo-si,17,2008,2024,153120,182020,28900,18.87,2543.6,0.254,0.891,50130,total,전체 인구,증가
남동구,Namdong-gu,17,2008,2024,450054,486225,36171,8.04,2493.2,0.249,0.227,28200,total,전체 인구,증가
양평군,Yangpyeong-gun,17,2008,2024,89812,126804,36992,41.19,2291.3,0.229,0.986,41830,total,전체 인구,증가
나주시,Naju-si,17,2008,2024,92884,116654,23770,25.59,2267.9,0.227,0.842,46170,total,전체 인구,증가
일산동구,Ilsandong-gu,17,2008,2024,261358,294123,32765,12.54,2153.8,0.215,0.774,41285,total,전체 인구,증가
경산시,Gyeongsan-si,17,2008,2024,237423,266398,28975,12.2,2095.6,0.21,0.939,47290,total,전체 인구,증가
진천군,Jincheon-gun,17,2008,2024,60715,86537,25822,42.53,1954.3,0.195,0.946,43750,total,전체 인구,증가
울주군,Ulju-gun,17,2008,2024,191687,218806,27119,14.15,1741.8,0.174,0.748,31710,total,전체 인구,증가
이천시,Icheon-si,17,2008,2024,196633,222443,25810,13.13,1725.6,0.173,0.954,41500,total,전체 인구,증가
춘천시,Chuncheon-si,17,2008,2024,261975,286069,24094,9.2,1405.3,0.141,0.929,51110,total,전체 인구,증가
무안군,Muan-gun,17,2008,2024,66598,92687,26089,39.17,1361.8,0.136,0.915,46840,total,전체 인구,증가
서산시,Seosan-si,17,2008,2024,156867,174445,17578,11.21,1280.1,0.128,0.917,44210,total,전체 인구,증가
진해구,Jinhae-gu,15,2010,2024,175859,188739,12880,7.32,1144.1,0.114,0.737,48129,total,전체 인구,증가
안성시,Anseong-si,17,2008,2024,169545,193949,24404,14.39,1134.0,0.113,0.849,41550,total,전체 인구,증가
의왕시,Uiwang-si,17,2008,2024,134488,154488,20000,14.87,1128.9,0.113,0.53,41430,total,전체 인구,증가
청원구,Cheongwon-gu,11,2014,2024,174975,189126,14151,8.09,1026.0,0.103,0.263,43114,total,전체 인구,증가
당진시,Dangjin-si,13,2012,2024,155104,171931,16827,10.85,993.3,0.099,0.76,44270,total,전체 인구,완만한 증가
동남구,Dongnam-gu,17,2008,2024,235270,261172,25902,11.01,942.4,0.094,0.374,44131,total,전체 인구,완만한 증가
홍성군,Hongseong-gun,17,2008,2024,88176,99198,11022,12.5,926.0,0.093,0.714,44800,total,전체 인구,완만한 증가
완주군,Wanju-gun,17,2008,2024,83757,99279,15522,18.53,843.9,0.084,0.705,52710,total,전체 인구,완만한 증가
분당구,Bundang-gu,17,2008,2024,428858,471154,42296,9.86,839.3,0.084,0.053,41135,total,전체 인구,완만한 증가
거제시,Geoje-si,17,2008,2024,217211,232972,15761,7.26,819.2,0.082,0.134,48310,total,전체 인구,완만한 증가
진주시,Jinju-si,17,2008,2024,331222,338785,7563,2.28,794.3,0.079,0.496,48170,total,전체 인구,완만한 증가
북구,Buk-gu,17,2008,2024,254348,270968,16620,6.53,778.8,0.078,0.471,47113,total,전체 인구,완만한 증가
예천군,Yecheon-gun,17,2008,2024,47993,54609,6616,13.79,722.9,0.072,0.669,47900,total,전체 인구,완만한 증가
순천시,Suncheon-si,17,2008,2024,269429,276329,6900,2.56,609.7,0.061,0.631,46150,total,전체 인구,완만한 증가
전주시,Jeonju-si,17,2008,2024,631532,635651,4119,0.65,598.1,0.06,0.151,52110,total,전체 인구,완만한 증가
중구,Jung-gu,17,2008,2024,78824,97711,18887,23.96,597.2,0.06,0.289,27110,total,전체 인구,완만한 증가
광양시,Gwangyang-si,17,2008,2024,141388,154692,13304,9.41,588.6,0.059,0.455,46230,total,전체 인구,완만한 증가
동구,Dong-gu,17,2008,2024,330996,342339,11343,3.43,476.1,0.048,0.158,27140,total,전체 인구,완만한 증가
구미시,Gumi-si,17,2008,2024,393959,404820,10861,2.76,411.8,0.041,0.055,47190,total,전체 인구,완만한 증가
여주시,Yeoju-si,12,2013,2024,109343,114610,5267,4.82,388.9,0.039,0.839,41670,total,전체 인구,완만한 증가
증평군,Jeungpyeong-gun,17,2008,2024,32179,37171,4992,15.51,317.4,0.032,0.77,43745,total,전체 인구,완만한 증가
과천시,Gwacheon-si,17,2008,2024,69477,85512,16035,23.08,317.1,0.032,0.042,41290,total,전체 인구,완만한 증가
가평군,Gapyeong-gun,17,2008,2024,57108,62527,5419,9.49,307.6,0.031,0.701,41820,total,전체 인구,완만한 증가
계룡시,Gyeryong-si,17,2008,2024,41411,46540,5129,12.39,241.1,0.024,0.512,44250,total,전체 인구,완만한 증가
강화군,Ganghwa-gun,17,2008,2024,67387,69402,2015,2.99,201.8,0.02,0.809,28710,total,전체 인구,완만한 증가
김천시,Gimcheon-si,17,2008,2024,138056,135446,-2610,-1.89,200.6,0.02,0.143,47150,total,전체 인구,완만한 증가
횡성군,Hoengseong-gun,17,2008,2024,43413,46111,2698,6.21,188.9,0.019,0.816,51730,total,전체 인구,완만한 증가
옹진군,Ongjin-gun,17,2008,2024,17376,19996,2620,15.08,132.7,0.013,0.36,28720,total,전체 인구,완만한 증가
일산서구,Ilsanseo-gu,17,2008,2024,290656,282900,-7756,-2.67,116.6,0.012,0.009,41287,total,전체 인구,완만한 증가
음성군,Eumseong-gun,17,2008,2024,89542,91236,1694,1.89,96.6,0.01,0.036,43770,total,전체 인구,완만한 증가
충주시,Chungju-si,17,2008,2024,206372,207241,869,0.42,92.4,0.009,0.149,43130,total,전체 인구,완만한 증가
괴산군,Goesan-gun,17,2008,2024,36566,36252,-314,-0.86,32.8,0.003,0.024,43760,total,전체 인구,완만한 증가
인제군,Inje-gun,17,2008,2024,31620,31535,-85,-0.27,-1.2,-0.0,0.0,51810,total,전체 인구,완만한 감소
양양군,Yangyang-gun,17,2008,2024,28115,27489,-626,-2.23,-17.4,-0.002,0.101,51830,total,전체 인구,완만한 감소
양구군,Yanggu-gun,17,2008,2024,21303,20621,-682,-3.2,-45.5,-0.005,0.039,51800,total,전체 인구,완만한 감소
화천군,Hwacheon-gun,17,2008,2024,24110,22922,-1188,-4.93,-82.9,-0.008,0.115,51790,total,전체 인구,완만한 감소
산청군,Sancheong-gun,17,2008,2024,35043,33259,-1784,-5.09,-104.7,-0.01,0.339,48860,total,전체 인구,완만한 감소
울릉군,Ulleung-gun,17,2008,2024,10168,9099,-1069,-10.51,-115.3,-0.012,0.802,47940,total,전체 인구,완만한 감소
군위군,Gunwi-gun,15,2008,2022,25309,23340,-1969,-7.78,-126.9,-0.013,0.835,47720,total,전체 인구,완만한 감소
태안군,Taean-gun,17,2008,2024,63401,60133,-3268,-5.15,-143.3,-0.014,0.459,44825,total,전체 인구,완만한 감소
속초시,Sokcho-si,17,2008,2024,84599,80933,-3666,-4.33,-157.6,-0.016,0.615,51210,total,전체 인구,완만한 감소
장수군,Jangsu-gun,17,2008,2024,23864,20663,-3201,-13.41,-172.3,-0.017,0.776,52740,total,전체 인구,완만한 감소
담양군,Damyang-gun,17,2008,2024,48347,44623,-3724,-7.7,-175.3,-0.018,0.851,46710,total,전체 인구,완만한 감소
홍천군,Hongcheon-gun,17,2008,2024,70360,66717,-3643,-5.18,-176.0,-0.018,0.588,51720,total,전체 인구,완만한 감소
청양군,Cheongyang-gun,17,2008,2024,33062,29658,-3404,-10.3,-178.1,-0.018,0.706,44790,total,전체 인구,완만한 감소
무주군,Muju-gun,17,2008,2024,26017,23032,-2985,-11.47,-184.7,-0.018,0.953,52730,total,전체 인구,완만한 감소
동구,Dong-gu,17,2008,2024,109963,106203,-3760,-3.42,-197.5,-0.02,0.045,29110,total,전체 인구,완만한 감소
강서구,Gangseo-gu,17,2008,2024,576848,556171,-20677,-3.58,-201.0,-0.02,0.006,11500,total,전체 인구,완만한 감소
영천시,Yeongcheon-si,17,2008,2024,104022,98143,-5879,-5.65,-205.2,-0.021,0.463,47230,total,전체 인구,완만한 감소
영양군,Yeongyang-gun,17,2008,2024,18766,15328,-3438,-18.32,-205.9,-0.021,0.935,47760,total,전체 인구,완만한 감소
청송군,Cheongsong-gun,17,2008,2024,27289,23716,-3573,-13.09,-206.8,-0.021,0.92,47750,total,전체 인구,완만한 감소
영월군,Yeongwol-gun,17,2008,2024,40201,36721,-3480,-8.66,-210.9,-0.021,0.77,51750,total,전체 인구,완만한 감소
구례군,Gurye-gun,17,2008,2024,27703,24025,-3678,-13.28,-211.0,-0.021,0.736,46730,total,전체 인구,완만한 감소
수영구,Suyeong-gu,17,2008,2024,177140,171918,-5222,-2.95,-220.9,-0.022,0.283,26500,total,전체 인구,완만한 감소
평창군,Pyeongchang-gun,17,2008,2024,43706,40396,-3310,-7.57,-223.0,-0.022,0.844,51760,total,전체 인구,완만한 감소
거창군,Geochang-gun,17,2008,2024,63268,59588,-3680,-5.82,-223.5,-0.022,0.779,48880,total,전체 인구,완만한 감소
진안군,Jinan-gun,17,2008,2024,27230,24161,-3069,-11.27,-225.1,-0.023,0.895,52720,total,전체 인구,완만한 감소
성주군,Seongju-gun,17,2008,2024,45024,41452,-3572,-7.93,-230.7,-0.023,0.776,47840,total,전체 인구,완만한 감소
청도군,Cheongdo-gun,17,2008,2024,44711,40582,-4129,-9.23,-230.8,-0.023,0.919,47820,total,전체 인구,완만한 감소
구리시,Guri-si,17,2008,2024,195874,186882,-8992,-4.59,-236.0,-0.024,0.053,41310,total,전체 인구,완만한 감소
고성군,Goseong-gun,17,2008,2024,30172,26999,-3173,-10.52,-255.8,-0.026,0.757,51820,total,전체 인구,완만한 감소
함양군,Hamyang-gun,17,2008,2024,40447,36131,-4316,-10.67,-259.9,-0.026,0.766,48870,total,전체 인구,완만한 감소
장성군,Jangseong-gun,17,2008,2024,46602,42026,-4576,-9.82,-262.4,-0.026,0.738,46880,total,전체 인구,완만한 감소
연천군,Yeoncheon-gun,17,2008,2024,45495,40866,-4629,-10.17,-263.9,-0.026,0.685,41800,total,전체 인구,완만한 감소
순창군,Sunchang-gun,17,2008,2024,30920,26822,-4098,-13.25,-265.5,-0.027,0.807,52770,total,전체 인구,완만한 감소
보은군,Boeun-gun,17,2008,2024,35069,30527,-4542,-12.95,-274.4,-0.027,0.883,43720,total,전체 인구,완만한 감소
창녕군,Changnyeong-gun,17,2008,2024,61603,56085,-5518,-8.96,-282.2,-0.028,0.346,48740,total,전체 인구,완만한 감소
단양군,Danyang-gun,17,2008,2024,31929,27352,-4577,-14.33,-296.1,-0.03,0.935,43800,total,전체 인구,완만한 감소
동두천시,Dongducheon-si,17,2008,2024,90835,86838,-3997,-4.4,-307.1,-0.031,0.209,41250,total,전체 인구,완만한 감소
수정구,Sujeong-gu,17,2008,2024,248452,234877,-13575,-5.46,-312.6,-0.031,0.052,41131,total,전체 인구,완만한 감소
연제구,Yeonje-gu,17,2008,2024,212810,212589,-221,-0.1,-327.3,-0.033,0.353,26470,total,전체 인구,완만한 감소
임실군,Imsil-gun,17,2008,2024,31133,25577,-5556,-17.85,-332.0,-0.033,0.8,52750,total,전체 인구,완만한 감소
남구,Nam-gu,17,2008,2024,213073,207597,-5476,-2.57,-332.5,-0.033,0.203,29155,total,전체 인구,완만한 감소
봉화군,Bonghwa-gun,17,2008,2024,34628,28836,-5792,-16.73,-345.1,-0.035,0.875,47920,total,전체 인구,완만한 감소
진도군,Jindo-gun,17,2008,2024,34412,28478,-5934,-17.24,-351.2,-0.035,0.968,46900,total,전체 인구,완만한 감소
의령군,Uiryeong-gun,17,2008,2024,30734,25150,-5584,-18.17,-362.0,-0.036,0.983,48720,total,전체 인구,완만한 감소
고령군,Goryeong-gun,17,2008,2024,34770,30062,-4708,-13.54,-362.5,-0.036,0.827,47830,total,전체 인구,완만한 감소
사천시,Sacheon-si,17,2008,2024,112828,108504,-4324,-3.83,-362.9,-0.036,0.487,48240,total,전체 인구,완만한 감소
옥천군,Okcheon-gun,17,2008,2024,54475,48204,-6271,-11.51,-366.5,-0.037,0.974,43730,total,전체 인구,완만한 감소
곡성군,Gokseong-gun,17,2008,2024,32608,26566,-6042,-18.53,-375.0,-0.038,0.957,46720,total,전체 인구,완만한 감소
영광군,Yeonggwang-gun,17,2008,2024,58075,52098,-5977,-10.29,-428.7,-0.043,0.922,46870,total,전체 인구,완만한 감소
성산구,Seongsan-gu,15,2010,2024,251073,244489,-6584,-2.62,-429.3,-0.043,0.028,48123,total,전체 인구,완만한 감소
울진군,Uljin-gun,17,2008,2024,53042,46124,-6918,-13.04,-429.4,-0.043,0.893,47930,total,전체 인구,완만한 감소
영동군,Yeongdong-gun,17,2008,2024,50276,43551,-6725,-13.38,-431.0,-0.043,0.717,43740,total,전체 인구,완만한 감소
함안군,Haman-gun,17,2008,2024,66050,58842,-7208,-10.91,-446.6,-0.045,0.512,48730,total,전체 인구,완만한 감소
철원군,Cheorwon-gun,17,2008,2024,47724,40497,-7227,-15.14,-460.4,-0.046,0.755,51780,total,전체 인구,완만한 감소
제천시,Jecheon-si,17,2008,2024,135738,128569,-7169,-5.28,-469.4,-0.047,0.697,43150,total,전체 인구,완만한 감소
정선군,Jeongseon-gun,17,2008,2024,41269,33515,-7754,-18.79,-469.6,-0.047,0.952,51770,total,전체 인구,완만한 감소
함평군,Hampyeong-gun,17,2008,2024,37432,30010,-7422,-19.83,-469.7,-0.047,0.98,46860,total,전체 인구,완만한 감소
금산군,Geumsan-gun,17,2008,2024,56740,49615,-7125,-12.56,-485.5,-0.049,0.949,44710,total,전체 인구,완만한 감소
동해시,Donghae-si,17,2008,2024,95652,87675,-7977,-8.34,-511.1,-0.051,0.931,51170,total,전체 인구,완만한 감소
완도군,Wando-gun,17,2008,2024,54999,45631,-9368,-17.03,-550.3,-0.055,0.91,46890,total,전체 인구,완만한 감소
신안군,Sinan-gun,17,2008,2024,45718,38173,-7545,-16.5,-551.4,-0.055,0.953,46910,total,전체 인구,완만한 감소
영덕군,Yeongdeok-gun,17,2008,2024,42707,33210,-9497,-22.24,-551.6,-0.055,0.97,47770,total,전체 인구,완만한 감소
칠곡군,Chilgok-gun,17,2008,2024,116472,107383,-9089,-7.8,-552.2,-0.055,0.394,47850,total,전체 인구,완만한 감소
문경시,Mungyeong-si,17,2008,2024,75486,67257,-8229,-10.9,-563.3,-0.056,0.877,47280,total,전체 인구,완만한 감소
장흥군,Jangheung-gun,17,2008,2024,42783,34451,-8332,-19.48,-564.8,-0.056,0.829,46800,total,전체 인구,완만한 감소
고성군,Goseong-gun,17,2008,2024,55950,48005,-7945,-14.2,-570.2,-0.057,0.908,48820,total,전체 인구,완만한 감소
밀양시,Miryang-si,17,2008,2024,110858,100691,-10167,-9.17,-584.0,-0.058,0.926,48270,total,전체 인구,완만한 감소
강릉시,Gangneung-si,17,2008,2024,218399,207731,-10668,-4.88,-591.6,-0.059,0.915,51150,total,전체 인구,완만한 감소
마산합포구,Masanhappo-gu,15,2010,2024,186420,178211,-8209,-4.4,-593.8,-0.059,0.726,48125,total,전체 인구,완만한 감소
영암군,Yeongam-gun,17,2008,2024,60106,51391,-8715,-14.5,-621.6,-0.062,0.951,46830,total,전체 인구,완만한 감소
화순군,Hwasun-gun,17,2008,2024,70327,60735,-9592,-13.64,-630.1,-0.063,0.988,46790,total,전체 인구,완만한 감소
고창군,Gochang-gun,17,2008,2024,60328,50982,-9346,-15.49,-642.5,-0.064,0.787,52790,total,전체 인구,완만한 감소
강진군,Gangjin-gun,17,2008,2024,41153,32189,-8964,-21.78,-654.4,-0.065,0.964,46810,total,전체 인구,완만한 감소
남해군,Namhae-gun,17,2008,2024,50698,39832,-10866,-21.43,-681.4,-0.068,0.987,48840,total,전체 인구,완만한 감소
의성군,Uiseong-gun,17,2008,2024,60033,48690,-11343,-18.89,-682.8,-0.068,0.992,47730,total,전체 인구,완만한 감소
군산시,Gunsan-si,17,2008,2024,263845,258047,-5798,-2.2,-706.8,-0.071,0.265,52130,total,전체 인구,완만한 감소
삼척시,Samcheok-si,17,2008,2024,70954,61735,-9219,-12.99,-713.9,-0.071,0.847,51230,total,전체 인구,완만한 감소
예산군,Yesan-gun,17,2008,2024,88144,78772,-9372,-10.63,-745.9,-0.075,0.924,44810,total,전체 인구,완만한 감소
중구,Jung-gu,17,2008,2024,130362,120544,-9818,-7.53,-768.3,-0.077,0.825,11140,total,전체 인구,완만한 감소
중구,Jung-gu,17,2008,2024,49565,37537,-12028,-24.27,-783.9,-0.078,0.979,26110,total,전체 인구,완만한 감소
하동군,Hadong-gun,17,2008,2024,53515,40765,-12750,-23.83,-787.8,-0.079,0.924,48850,total,전체 인구,완만한 감소
보령시,Boryeong-si,17,2008,2024,106885,93780,-13105,-12.26,-789.0,-0.079,0.92,44180,total,전체 인구,완만한 감소
남원시,Namwon-si,17,2008,2024,88356,75647,-12709,-14.38,-797.0,-0.08,0.96,52190,total,전체 인구,완만한 감소
부안군,Buan-gun,17,2008,2024,60872,48066,-12806,-21.04,-815.5,-0.082,0.961,52800,total,전체 인구,완만한 감소
서천군,Seocheon-gun,17,2008,2024,60507,48204,-12303,-20.33,-819.2,-0.082,0.977,44770,total,전체 인구,완만한 감소
보성군,Boseong-gun,17,2008,2024,50004,37045,-12959,-25.92,-825.1,-0.083,0.99,46780,total,전체 인구,완만한 감소
상주시,Sangju-si,17,2008,2024,105381,91850,-13531,-12.84,-851.5,-0.085,0.929,47250,total,전체 인구,완만한 감소
합천군,Hapcheon-gun,17,2008,2024,55677,40225,-15452,-27.75,-857.0,-0.086,0.97,48890,total,전체 인구,완만한 감소
태백시,Taebaek-si,17,2008,2024,51028,37936,-13092,-25.66,-863.6,-0.086,0.957,51190,total,전체 인구,완만한 감소
동래구,Dongnae-gu,17,2008,2024,282673,274370,-8303,-2.94,-866.1,-0.087,0.642,26260,total,전체 인구,완만한 감소
남구,Nam-gu,10,2008,2017,420741,419267,-1474,-0.35,-971.2,-0.097,0.242,28170,total,전체 인구,완만한 감소
은평구,Eunpyeong-gu,17,2008,2024,458401,460919,2518,0.55,-987.8,-0.099,0.115,11380,total,전체 인구,완만한 감소
고흥군,Goheung-gun,17,2008,2024,76605,60190,-16415,-21.43,-1000.5,-0.1,0.997,46770,total,전체 인구,감소
부여군,Buyeo-gun,17,2008,2024,76687,59550,-17137,-22.35,-1040.3,-0.104,0.98,44760,total,전체 인구,감소
김제시,Gimje-si,17,2008,2024,95807,80635,-15172,-15.84,-1043.8,-0.104,0.983,52210,total,전체 인구,감소
영주시,Yeongju-si,17,2008,2024,113930,98870,-15060,-13.22,-1044.2,-0.104,0.95,47210,total,전체 인구,감소
안동시,Andong-si,17,2008,2024,167300,153159,-14141,-8.45,-1051.4,-0.105,0.766,47170,total,전체 인구,감소
포천시,Pocheon-si,17,2008,2024,160176,141463,-18713,-11.68,-1113.1,-0.111,0.948,41650,total,전체 인구,감소
동구,Dong-gu,17,2008,2024,102764,85911,-16853,-16.4,-1134.6,-0.113,0.899,26170,total,전체 인구,감소
해남군,Haenam-gun,17,2008,2024,81043,63120,-17923,-22.12,-1151.7,-0.115,0.97,46820,total,전체 인구,감소
논산시,Nonsan-si,17,2008,2024,127797,108529,-19268,-15.08,-1219.3,-0.122,0.921,44230,total,전체 인구,감소
서초구,Seocho-gu,17,2008,2024,406320,408376,2056,0.51,-1241.8,-0.124,0.165,11650,total,전체 인구,감소
통영시,Tongyeong-si,17,2008,2024,136275,118481,-17794,-13.06,-1284.5,-0.128,0.758,48220,total,전체 인구,감소
금천구,Geumcheon-gu,17,2008,2024,247320,225159,-22161,-8.96,-1314.4,-0.131,0.985,11545,total,전체 인구,감소
정읍시,Jeongeup-si,17,2008,2024,122842,102127,-20715,-16.86,-1327.8,-0.133,0.98,52180,total,전체 인구,감소
포항시,Pohang-si,17,2008,2024,508119,491581,-16538,-3.25,-1343.1,-0.134,0.531,47110,total,전체 인구,감소
서대문구,Seodaemun-gu,17,2008,2024,331688,302853,-28835,-8.69,-1382.3,-0.138,0.79,11410,total,전체 인구,감소
동구,Dong-gu,17,2008,2024,74866,58296,-16570,-22.13,-1408.4,-0.141,0.922,28140,total,전체 인구,감소
경주시,Gyeongju-si,17,2008,2024,269343,244769,-24574,-9.12,-1437.7,-0.144,0.984,47130,total,전체 인구,감소
송파구,Songpa-gu,17,2008,2024,668962,650110,-18852,-2.82,-1495.6,-0.15,0.559,11710,total,전체 인구,감소
군포시,Gunpo-si,17,2008,2024,277590,255931,-21659,-7.8,-1498.2,-0.15,0.568,41410,total,전체 인구,감소
장안구,Jangan-gu,17,2008,2024,285803,274661,-11142,-3.9,-1539.9,-0.154,0.514,41111,total,전체 인구,감소
여수시,Yeosu-si,17,2008,2024,295133,267816,-27317,-9.26,-1608.8,-0.161,0.917,46130,total,전체 인구,감소
동작구,Dongjak-gu,17,2008,2024,400866,375799,-25067,-6.25,-1655.6,-0.166,0.672,11590,total,전체 인구,감소
서구,Seo-gu,17,2008,2024,304885,279050,-25835,-8.47,-1664.4,-0.166,0.556,29140,total,전체 인구,감소
서구,Seo-gu,17,2008,2024,129385,103188,-26197,-20.25,-1673.6,-0.167,0.978,26140,total,전체 인구,감소
공주시,Gongju-si,17,2008,2024,125143,101285,-23858,-19.06,-1674.3,-0.167,0.95,44150,total,전체 인구,감소
마포구,Mapo-gu,17,2008,2024,385119,361417,-23702,-6.15,-1730.5,-0.173,0.852,11440,total,전체 인구,감소
동구,Dong-gu,17,2008,2024,176431,150836,-25595,-14.51,-1766.8,-0.177,0.777,31170,total,전체 인구,감소
중구,Jung-gu,17,2008,2024,233898,207000,-26898,-11.5,-1783.6,-0.178,0.53,31110,total,전체 인구,감소
성동구,Seongdong-gu,17,2008,2024,314212,273669,-40543,-12.9,-1884.4,-0.188,0.684,11200,total,전체 인구,감소
강남구,Gangnam-gu,17,2008,2024,557832,557345,-487,-0.09,-1914.3,-0.191,0.433,11680,total,전체 인구,감소
용산구,Yongsan-gu,17,2008,2024,238224,203854,-34370,-14.43,-2041.4,-0.204,0.815,11170,total,전체 인구,감소
강동구,Gangdong-gu,17,2008,2024,469024,476942,7918,1.69,-2066.3,-0.207,0.256,11740,total,전체 인구,감소
종로구,Jongno-gu,17,2008,2024,170705,138336,-32369,-18.96,-2094.7,-0.209,0.967,11110,total,전체 인구,감소
팔달구,Paldal-gu,17,2008,2024,213235,194397,-18838,-8.83,-2095.1,-0.21,0.604,41115,total,전체 인구,감소
만안구,Manan-gu,17,2008,2024,262820,229971,-32849,-12.5,-2101.1,-0.21,0.865,41171,total,전체 인구,감소
남구,Nam-gu,17,2008,2024,253771,220613,-33158,-13.07,-2121.9,-0.212,0.947,47111,total,전체 인구,감소
북구,Buk-gu,17,2008,2024,461518,413010,-48508,-10.51,-2161.8,-0.216,0.852,27230,total,전체 인구,감소
동대문구,Dongdaemun-gu,17,2008,2024,370250,338735,-31515,-8.51,-2198.7,-0.22,0.915,11230,total,전체 인구,감소
영등포구,Yeongdeungpo-gu,17,2008,2024,408099,373773,-34326,-8.41,-2266.7,-0.227,0.673,11560,total,전체 인구,감소
완산구,Wansan-gu,17,2008,2024,352259,321910,-30349,-8.62,-2269.1,-0.227,0.623,52111,total,전체 인구,감소
목포시,Mokpo-si,17,2008,2024,245651,209890,-35761,-14.56,-2290.6,-0.229,0.919,46110,total,전체 인구,감소
동구,Dong-gu,17,2008,2024,245973,218513,-27460,-11.16,-2373.0,-0.237,0.885,30110,total,전체 인구,감소
구로구,Guro-gu,17,2008,2024,420795,388169,-32626,-7.75,-2434.8,-0.243,0.837,11530,total,전체 인구,감소
남구,Nam-gu,17,2008,2024,175317,136263,-39054,-22.28,-2512.4,-0.251,0.99,27200,total,전체 인구,감소
서구,Seo-gu,17,2008,2024,499172,457951,-41221,-8.26,-2527.9,-0.253,0.906,30170,total,전체 인구,감소
금정구,Geumjeong-gu,17,2008,2024,256398,209932,-46466,-18.12,-2735.4,-0.274,0.872,26410,total,전체 인구,감소
익산시,Iksan-si,17,2008,2024,309269,268001,-41268,-13.34,-2749.1,-0.275,0.889,52140,total,전체 인구,감소
남구,Nam-gu,17,2008,2024,343922,304885,-39037,-11.35,-2799.7,-0.28,0.823,31140,total,전체 인구,감소
광진구,Gwangjin-gu,17,2008,2024,375482,331963,-43519,-11.59,-2879.3,-0.288,0.969,11215,total,전체 인구,감소
북구,Buk-gu,17,2008,2024,474121,423961,-50160,-10.58,-2910.2,-0.291,0.874,29170,total,전체 인구,감소
단원구,Danwon-gu,17,2008,2024,331252,293388,-37864,-11.43,-2963.7,-0.296,0.925,41273,total,전체 인구,감소
북구,Buk-gu,17,2008,2024,318859,267692,-51167,-16.05,-2983.1,-0.298,0.885,26320,total,전체 인구,감소
대덕구,Daedeok-gu,17,2008,2024,211241,168217,-43024,-20.37,-2992.2,-0.299,0.965,30230,total,전체 인구,감소
중구,Jung-gu,17,2008,2024,264678,225008,-39670,-14.99,-3037.8,-0.304,0.927,30140,total,전체 인구,감소
남구,Nam-gu,17,2008,2024,298314,254498,-43816,-14.69,-3049.1,-0.305,0.959,26290,total,전체 인구,감소
영도구,Yeongdo-gu,17,2008,2024,152118,103737,-48381,-31.8,-3102.3,-0.31,0.997,26200,total,전체 인구,감소
의창구,Uichang-gu,15,2010,2024,251647,209695,-41952,-16.67,-3114.2,-0.311,0.526,48121,total,전체 인구,감소
해운대구,Haeundae-gu,17,2008,2024,424455,376404,-48051,-11.32,-3145.0,-0.315,0.849,26350,total,전체 인구,감소
중랑구,Jungnang-gu,17,2008,2024,427871,379274,-48597,-11.36,-3226.2,-0.323,0.963,11260,total,전체 인구,감소
부산진구,Busanjin-gu,17,2008,2024,400516,359281,-41235,-10.3,-3232.8,-0.323,0.918,26230,total,전체 인구,감소
상록구,Sangnok-gu,17,2008,2024,377005,327191,-49814,-13.21,-3241.3,-0.324,0.778,41271,total,전체 인구,감소
동안구,Dongan-gu,17,2008,2024,357459,326521,-30938,-8.65,-3346.9,-0.335,0.802,41173,total,전체 인구,감소
성남시,Seongnam-si,17,2008,2024,942447,913009,-29438,-3.12,-3513.1,-0.351,0.571,41130,total,전체 인구,감소
관악구,Gwanak-gu,17,2008,2024,534556,477812,-56744,-10.62,-3567.2,-0.357,0.989,11620,total,전체 인구,감소
마산회원구,Masanhoewon-gu,15,2010,2024,225182,178724,-46458,-20.63,-3647.7,-0.365,0.987,48127,total,전체 인구,감소
수성구,Suseong-gu,17,2008,2024,451732,409107,-42625,-9.44,-3688.0,-0.369,0.866,27260,total,전체 인구,감소
광명시,Gwangmyeong-si,17,2008,2024,310501,278167,-32334,-10.41,-3769.8,-0.377,0.491,41210,total,전체 인구,감소
상당구,Sangdang-gu,17,2008,2024,246344,197952,-48392,-19.64,-3960.0,-0.396,0.444,43111,total,전체 인구,감소
강북구,Gangbuk-gu,17,2008,2024,342274,283597,-58677,-17.14,-4006.1,-0.401,0.922,11305,total,전체 인구,감소
중원구,Jungwon-gu,17,2008,2024,265137,206978,-58159,-21.94,-4039.8,-0.404,0.949,41133,total,전체 인구,감소
사상구,Sasang-gu,17,2008,2024,260897,198635,-62262,-23.86,-4177.8,-0.418,0.986,26530,total,전체 인구,감소
성북구,Seongbuk-gu,17,2008,2024,473357,421560,-51797,-10.94,-4287.5,-0.429,0.899,11290,total,전체 인구,감소
서원구,Seowon-gu,11,2014,2024,224727,181621,-43106,-19.18,-4459.0,-0.446,0.979,43112,total,전체 인구,감소
도봉구,Dobong-gu,17,2008,2024,373936,303228,-70708,-18.91,-4522.5,-0.452,0.972,11320,total,전체 인구,감소
사하구,Saha-gu,17,2008,2024,365368,292491,-72877,-19.95,-4628.2,-0.463,0.982,26380,total,전체 인구,감소
계양구,Gyeyang-gu,17,2008,2024,342299,280227,-62072,-18.13,-4673.5,-0.467,0.91,28245,total,전체 인구,감소
양천구,Yangcheon-gu,17,2008,2024,502343,430976,-71367,-14.21,-4840.5,-0.484,0.97,11470,total,전체 인구,감소
서구,Seo-gu,17,2008,2024,228720,163135,-65585,-28.67,-4943.3,-0.494,0.962,27170,total,전체 인구,감소
달서구,Dalseo-gu,17,2008,2024,594616,522021,-72595,-12.21,-5411.1,-0.541,0.812,27290,total,전체 인구,급격한 감소
안양시,Anyang-si,17,2008,2024,620279,556492,-63787,-10.28,-5447.9,-0.545,0.922,41170,total,전체 인구,급격한 감소
부평구,Bupyeong-gu,17,2008,2024,569246,493200,-76046,-13.36,-5909.6,-0.591,0.888,28237,total,전체 인구,급격한 감소
안산시,Ansan-si,17,2008,2024,708257,620579,-87678,-12.38,-6205.0,-0.62,0.889,41270,total,전체 인구,급격한 감소
부천시,Bucheon-si,17,2008,2024,867678,769918,-97760,-11.27,-6333.3,-0.633,0.875,41190,total,전체 인구,급격한 감소
창원시(통합),Changwon-si,15,2010,2024,1090181,999858,-90323,-8.29,-6640.9,-0.664,0.974,48120,total,전체 인구,급격한 감소
노원구,Nowon-gu,17,2008,2024,615981,491247,-124734,-20.25,-8484.4,-0.848,0.984,11350,total,전체 인구,급격한 감소
흥덕구,Heungdeok-gu,17,2008,2024,392319,285838,-106481,-27.14,-11026.8,-1.103,0.551,43113,total,전체 인구,급격한 감소
