C1_NM,C1_NM_ENG,n_years,start_year,end_year,start_population,end_population,absolute_change,change_pct,slope_people_per_year,slope_per_10k_people,r2,C1,age_group,age_group_label,trend_class,topo_code,topo_name,match_note
종로구,Jongno-gu,17.0,2008.0,2024.0,127968.0,98831.0,-29137.0,-22.77,-1887.9,-0.189,0.976,11110.0,working_age,15-64세 생산연령인구,감소,11010,종로구,global_exact_name
중구,Jung-gu,17.0,2008.0,2024.0,98396.0,86017.0,-12379.0,-12.58,-905.1,-0.091,0.902,11140.0,working_age,15-64세 생산연령인구,완만한 감소,11020,중구,province_exact_name
용산구,Yongsan-gu,17.0,2008.0,2024.0,178333.0,148556.0,-29777.0,-16.7,-1744.9,-0.174,0.844,11170.0,working_age,15-64세 생산연령인구,감소,11030,용산구,global_exact_name
성동구,Seongdong-gu,17.0,2008.0,2024.0,237591.0,198428.0,-39163.0,-16.48,-1969.7,-0.197,0.745,11200.0,working_age,15-64세 생산연령인구,감소,11040,성동구,global_exact_name
광진구,Gwangjin-gu,17.0,2008.0,2024.0,290881.0,247616.0,-43265.0,-14.87,-2877.0,-0.288,0.946,11215.0,working_age,15-64세 생산연령인구,감소,11050,광진구,global_exact_name
동대문구,Dongdaemun-gu,17.0,2008.0,2024.0,280167.0,241568.0,-38599.0,-13.78,-2619.0,-0.262,0.953,11230.0,working_age,15-64세 생산연령인구,감소,11060,동대문구,global_exact_name
중랑구,Jungnang-gu,17.0,2008.0,2024.0,327927.0,266923.0,-61004.0,-18.6,-4021.2,-0.402,0.943,11260.0,working_age,15-64세 생산연령인구,감소,11070,중랑구,global_exact_name
성북구,Seongbuk-gu,17.0,2008.0,2024.0,353972.0,299584.0,-54388.0,-15.37,-4179.9,-0.418,0.931,11290.0,working_age,15-64세 생산연령인구,감소,11080,성북구,global_exact_name
강북구,Gangbuk-gu,17.0,2008.0,2024.0,257041.0,193243.0,-63798.0,-24.82,-4243.1,-0.424,0.937,11305.0,working_age,15-64세 생산연령인구,감소,11090,강북구,global_exact_name
도봉구,Dobong-gu,17.0,2008.0,2024.0,280992.0,205864.0,-75128.0,-26.74,-4817.2,-0.482,0.951,11320.0,working_age,15-64세 생산연령인구,감소,11100,도봉구,global_exact_name
노원구,Nowon-gu,17.0,2008.0,2024.0,455275.0,345430.0,-109845.0,-24.13,-7525.0,-0.752,0.955,11350.0,working_age,15-64세 생산연령인구,급격한 감소,11110,노원구,global_exact_name
은평구,Eunpyeong-gu,17.0,2008.0,2024.0,341825.0,324807.0,-17018.0,-4.98,-1900.3,-0.19,0.406,11380.0,working_age,15-64세 생산연령인구,감소,11120,은평구,global_exact_name
서대문구,Seodaemun-gu,17.0,2008.0,2024.0,247061.0,216147.0,-30914.0,-12.51,-1627.1,-0.163,0.929,11410.0,working_age,15-64세 생산연령인구,감소,11130,서대문구,global_exact_name
마포구,Mapo-gu,17.0,2008.0,2024.0,290863.0,269886.0,-20977.0,-7.21,-1442.5,-0.144,0.865,11440.0,working_age,15-64세 생산연령인구,감소,11140,마포구,global_exact_name
양천구,Yangcheon-gu,17.0,2008.0,2024.0,379156.0,303596.0,-75560.0,-19.93,-5155.6,-0.516,0.931,11470.0,working_age,15-64세 생산연령인구,급격한 감소,11150,양천구,global_exact_name
강서구,Gangseo-gu,17.0,2008.0,2024.0,439723.0,399882.0,-39841.0,-9.06,-1696.2,-0.17,0.341,11500.0,working_age,15-64세 생산연령인구,감소,11160,강서구,province_exact_name
구로구,Guro-gu,17.0,2008.0,2024.0,320977.0,271485.0,-49492.0,-15.42,-3458.0,-0.346,0.918,11530.0,working_age,15-64세 생산연령인구,감소,11170,구로구,global_exact_name
금천구,Geumcheon-gu,17.0,2008.0,2024.0,189494.0,163211.0,-26283.0,-13.87,-1631.5,-0.163,0.967,11545.0,working_age,15-64세 생산연령인구,감소,11180,금천구,global_exact_name
영등포구,Yeongdeungpo-gu,17.0,2008.0,2024.0,309366.0,273208.0,-36158.0,-11.69,-2408.1,-0.241,0.83,11560.0,working_age,15-64세 생산연령인구,감소,11190,영등포구,global_exact_name
동작구,Dongjak-gu,17.0,2008.0,2024.0,304823.0,272226.0,-32597.0,-10.69,-2179.1,-0.218,0.816,11590.0,working_age,15-64세 생산연령인구,감소,11200,동작구,global_exact_name
관악구,Gwanak-gu,17.0,2008.0,2024.0,419683.0,363873.0,-55810.0,-13.3,-3483.5,-0.348,0.987,11620.0,working_age,15-64세 생산연령인구,감소,11210,관악구,global_exact_name
서초구,Seocho-gu,17.0,2008.0,2024.0,314016.0,290339.0,-23677.0,-7.54,-2555.7,-0.256,0.605,11650.0,working_age,15-64세 생산연령인구,감소,11220,서초구,global_exact_name
강남구,Gangnam-gu,17.0,2008.0,2024.0,440654.0,400498.0,-40156.0,-9.11,-4105.2,-0.411,0.817,11680.0,working_age,15-64세 생산연령인구,감소,11230,강남구,global_exact_name
송파구,Songpa-gu,17.0,2008.0,2024.0,515159.0,465903.0,-49256.0,-9.56,-3451.3,-0.345,0.866,11710.0,working_age,15-64세 생산연령인구,감소,11240,송파구,global_exact_name
강동구,Gangdong-gu,17.0,2008.0,2024.0,364125.0,335243.0,-28882.0,-7.93,-3872.3,-0.387,0.717,11740.0,working_age,15-64세 생산연령인구,감소,11250,강동구,global_exact_name
중구,Jung-gu,17.0,2008.0,2024.0,37004.0,23908.0,-13096.0,-35.39,-846.6,-0.085,0.981,26110.0,working_age,15-64세 생산연령인구,완만한 감소,21010,중구,province_exact_name
서구,Seo-gu,17.0,2008.0,2024.0,95439.0,64783.0,-30656.0,-32.12,-1989.7,-0.199,0.994,26140.0,working_age,15-64세 생산연령인구,감소,21020,서구,province_exact_name
동구,Dong-gu,17.0,2008.0,2024.0,75431.0,54366.0,-21065.0,-27.93,-1403.5,-0.14,0.967,26170.0,working_age,15-64세 생산연령인구,감소,21030,동구,province_exact_name
영도구,Yeongdo-gu,17.0,2008.0,2024.0,113206.0,61986.0,-51220.0,-45.24,-3311.7,-0.331,0.998,26200.0,working_age,15-64세 생산연령인구,감소,21040,영도구,global_exact_name
부산진구,Busanjin-gu,17.0,2008.0,2024.0,302860.0,246019.0,-56841.0,-18.77,-4115.5,-0.412,0.966,26230.0,working_age,15-64세 생산연령인구,감소,21050,부산진구,global_exact_name
동래구,Dongnae-gu,17.0,2008.0,2024.0,215166.0,181457.0,-33709.0,-15.67,-2443.2,-0.244,0.972,26260.0,working_age,15-64세 생산연령인구,감소,21060,동래구,global_exact_name
남구,Nam-gu,17.0,2008.0,2024.0,224088.0,168538.0,-55550.0,-24.79,-3805.3,-0.381,0.974,26290.0,working_age,15-64세 생산연령인구,감소,21070,남구,province_exact_name
북구,Buk-gu,17.0,2008.0,2024.0,240887.0,180057.0,-60830.0,-25.25,-3762.0,-0.376,0.856,26320.0,working_age,15-64세 생산연령인구,감소,21080,북구,province_exact_name
해운대구,Haeundae-gu,17.0,2008.0,2024.0,313902.0,253345.0,-60557.0,-19.29,-3987.1,-0.399,0.843,26350.0,working_age,15-64세 생산연령인구,감소,21090,해운대구,global_exact_name
사하구,Saha-gu,17.0,2008.0,2024.0,276881.0,194278.0,-82603.0,-29.83,-5350.4,-0.535,0.964,26380.0,working_age,15-64세 생산연령인구,급격한 감소,21100,사하구,global_exact_name
금정구,Geumjeong-gu,17.0,2008.0,2024.0,195277.0,137419.0,-57858.0,-29.63,-3603.1,-0.36,0.911,26410.0,working_age,15-64세 생산연령인구,감소,21110,금정구,global_exact_name
강서구,Gangseo-gu,17.0,2008.0,2024.0,38964.0,95363.0,56399.0,144.75,4251.0,0.425,0.94,26440.0,working_age,15-64세 생산연령인구,증가,21120,강서구,province_exact_name
연제구,Yeonje-gu,17.0,2008.0,2024.0,160849.0,141858.0,-18991.0,-11.81,-1480.8,-0.148,0.943,26470.0,working_age,15-64세 생산연령인구,감소,21130,연제구,global_exact_name
수영구,Suyeong-gu,17.0,2008.0,2024.0,134129.0,113866.0,-20263.0,-15.11,-1223.9,-0.122,0.886,26500.0,working_age,15-64세 생산연령인구,감소,21140,수영구,global_exact_name
사상구,Sasang-gu,17.0,2008.0,2024.0,201781.0,135051.0,-66730.0,-33.07,-4506.8,-0.451,0.971,26530.0,working_age,15-64세 생산연령인구,감소,21150,사상구,global_exact_name
기장군,Gijang-gun,17.0,2008.0,2024.0,57885.0,116502.0,58617.0,101.26,3905.6,0.391,0.88,26710.0,working_age,15-64세 생산연령인구,증가,21310,기장군,global_exact_name
중구,Jung-gu,17.0,2008.0,2024.0,57948.0,68166.0,10218.0,17.63,199.1,0.02,0.073,27110.0,working_age,15-64세 생산연령인구,완만한 증가,22010,중구,province_exact_name
동구,Dong-gu,17.0,2008.0,2024.0,243025.0,227536.0,-15489.0,-6.37,-1235.5,-0.124,0.539,27140.0,working_age,15-64세 생산연령인구,감소,22020,동구,province_exact_name
서구,Seo-gu,17.0,2008.0,2024.0,175274.0,106437.0,-68837.0,-39.27,-5049.9,-0.505,0.964,27170.0,working_age,15-64세 생산연령인구,급격한 감소,22030,서구,province_exact_name
남구,Nam-gu,17.0,2008.0,2024.0,130875.0,89507.0,-41368.0,-31.61,-2684.2,-0.268,0.987,27200.0,working_age,15-64세 생산연령인구,감소,22040,남구,province_exact_name
북구,Buk-gu,17.0,2008.0,2024.0,334046.0,292697.0,-41349.0,-12.38,-1960.9,-0.196,0.736,27230.0,working_age,15-64세 생산연령인구,감소,22050,북구,province_exact_name
수성구,Suseong-gu,17.0,2008.0,2024.0,328122.0,280875.0,-47247.0,-14.4,-3735.0,-0.373,0.814,27260.0,working_age,15-64세 생산연령인구,감소,22060,수성구,global_exact_name
달서구,Dalseo-gu,17.0,2008.0,2024.0,444007.0,367756.0,-76251.0,-17.17,-5522.4,-0.552,0.758,27290.0,working_age,15-64세 생산연령인구,급격한 감소,22070,달서구,global_exact_name
달성군,Dalseong-gun,17.0,2008.0,2024.0,121466.0,177163.0,55697.0,45.85,4697.5,0.47,0.863,27710.0,working_age,15-64세 생산연령인구,증가,22310,달성군,global_exact_name
중구,Jung-gu,17.0,2008.0,2024.0,64723.0,119939.0,55216.0,85.31,3445.6,0.345,0.965,28110.0,working_age,15-64세 생산연령인구,증가,23010,중구,province_exact_name
동구,Dong-gu,17.0,2008.0,2024.0,54600.0,37852.0,-16748.0,-30.67,-1327.7,-0.133,0.948,28140.0,working_age,15-64세 생산연령인구,감소,23020,동구,province_exact_name
남구,Nam-gu,10.0,2008.0,2017.0,316961.0,310003.0,-6958.0,-2.2,-1453.2,-0.145,0.544,28170.0,working_age,15-64세 생산연령인구,감소,23030,남구,province_exact_name
연수구,Yeonsu-gu,17.0,2008.0,2024.0,200752.0,290894.0,90142.0,44.9,6248.8,0.625,0.972,28185.0,working_age,15-64세 생산연령인구,급격한 증가,23040,연수구,global_exact_name
남동구,Namdong-gu,17.0,2008.0,2024.0,337141.0,345543.0,8402.0,2.49,711.9,0.071,0.028,28200.0,working_age,15-64세 생산연령인구,완만한 증가,23050,남동구,global_exact_name
부평구,Bupyeong-gu,17.0,2008.0,2024.0,426794.0,353912.0,-72882.0,-17.08,-5519.9,-0.552,0.854,28237.0,working_age,15-64세 생산연령인구,급격한 감소,23060,부평구,global_exact_name
계양구,Gyeyang-gu,17.0,2008.0,2024.0,256027.0,205818.0,-50209.0,-19.61,-3797.2,-0.38,0.795,28245.0,working_age,15-64세 생산연령인구,감소,23070,계양구,global_exact_name
서구,Seo-gu,17.0,2008.0,2024.0,287722.0,461831.0,174109.0,60.51,10282.8,1.028,0.952,28260.0,working_age,15-64세 생산연령인구,급격한 증가,23080,서구,province_exact_name
강화군,Ganghwa-gun,17.0,2008.0,2024.0,44401.0,37686.0,-6715.0,-15.12,-348.6,-0.035,0.876,28710.0,working_age,15-64세 생산연령인구,완만한 감소,23310,강화군,global_exact_name
옹진군,Ongjin-gun,17.0,2008.0,2024.0,11865.0,12219.0,354.0,2.98,-1.0,-0.0,0.0,28720.0,working_age,15-64세 생산연령인구,완만한 감소,23320,옹진군,global_exact_name
동구,Dong-gu,17.0,2008.0,2024.0,80707.0,70255.0,-10452.0,-12.95,-627.1,-0.063,0.483,29110.0,working_age,15-64세 생산연령인구,완만한 감소,24010,동구,province_exact_name
서구,Seo-gu,17.0,2008.0,2024.0,218554.0,199351.0,-19203.0,-8.79,-1244.3,-0.124,0.385,29140.0,working_age,15-64세 생산연령인구,감소,24020,서구,province_exact_name
남구,Nam-gu,17.0,2008.0,2024.0,156159.0,137758.0,-18401.0,-11.78,-1198.4,-0.12,0.735,29155.0,working_age,15-64세 생산연령인구,감소,24030,남구,province_exact_name
북구,Buk-gu,17.0,2008.0,2024.0,345317.0,297245.0,-48072.0,-13.92,-2948.2,-0.295,0.938,29170.0,working_age,15-64세 생산연령인구,감소,24040,북구,province_exact_name
광산구,Gwangsan-gu,17.0,2008.0,2024.0,219478.0,291757.0,72279.0,32.93,4023.9,0.402,0.699,29200.0,working_age,15-64세 생산연령인구,증가,24050,광산구,global_exact_name
동구,Dong-gu,17.0,2008.0,2024.0,180798.0,148079.0,-32719.0,-18.1,-2555.7,-0.256,0.924,30110.0,working_age,15-64세 생산연령인구,감소,25010,동구,province_exact_name
중구,Jung-gu,17.0,2008.0,2024.0,193199.0,150664.0,-42535.0,-22.02,-3076.0,-0.308,0.929,30140.0,working_age,15-64세 생산연령인구,감소,25020,중구,province_exact_name
서구,Seo-gu,17.0,2008.0,2024.0,370529.0,331099.0,-39430.0,-10.64,-2556.6,-0.256,0.782,30170.0,working_age,15-64세 생산연령인구,감소,25030,서구,province_exact_name
유성구,Yuseong-gu,17.0,2008.0,2024.0,184576.0,273452.0,88876.0,48.15,5352.7,0.535,0.876,30200.0,working_age,15-64세 생산연령인구,급격한 증가,25040,유성구,global_exact_name
대덕구,Daedeok-gu,17.0,2008.0,2024.0,154519.0,118290.0,-36229.0,-23.45,-2529.1,-0.253,0.926,30230.0,working_age,15-64세 생산연령인구,감소,25050,대덕구,global_exact_name
중구,Jung-gu,17.0,2008.0,2024.0,177342.0,142603.0,-34739.0,-19.59,-2408.8,-0.241,0.658,31110.0,working_age,15-64세 생산연령인구,감소,26010,중구,province_exact_name
남구,Nam-gu,17.0,2008.0,2024.0,261673.0,221473.0,-40200.0,-15.36,-2904.2,-0.29,0.721,31140.0,working_age,15-64세 생산연령인구,감소,26020,남구,province_exact_name
동구,Dong-gu,17.0,2008.0,2024.0,137191.0,104563.0,-32628.0,-23.78,-2262.0,-0.226,0.852,31170.0,working_age,15-64세 생산연령인구,감소,26030,동구,province_exact_name
북구,Buk-gu,17.0,2008.0,2024.0,118723.0,158662.0,39939.0,33.64,2683.3,0.268,0.906,31200.0,working_age,15-64세 생산연령인구,증가,26040,북구,province_exact_name
울주군,Ulju-gun,17.0,2008.0,2024.0,134555.0,152772.0,18217.0,13.54,1196.9,0.12,0.5,31710.0,working_age,15-64세 생산연령인구,증가,26310,울주군,global_exact_name
,,,,,,,,,,,,,,,,29010,세종시,unmatched
장안구,Jangan-gu,17.0,2008.0,2024.0,208602.0,202011.0,-6591.0,-3.16,-1100.9,-0.11,0.346,41111.0,working_age,15-64세 생산연령인구,감소,31011,수원시장안구,suffix_name
권선구,Gwonseon-gu,17.0,2008.0,2024.0,230029.0,269186.0,39157.0,17.02,3103.9,0.31,0.692,41113.0,working_age,15-64세 생산연령인구,증가,31012,수원시권선구,suffix_name
팔달구,Paldal-gu,17.0,2008.0,2024.0,162311.0,143590.0,-18721.0,-11.53,-1828.3,-0.183,0.71,41115.0,working_age,15-64세 생산연령인구,감소,31013,수원시팔달구,suffix_name
영통구,Yeongtong-gu,17.0,2008.0,2024.0,190049.0,277324.0,87275.0,45.92,6616.4,0.662,0.864,41117.0,working_age,15-64세 생산연령인구,급격한 증가,31014,수원시영통구,suffix_name
수정구,Sujeong-gu,17.0,2008.0,2024.0,190084.0,167334.0,-22750.0,-11.97,-1034.4,-0.103,0.596,41131.0,working_age,15-64세 생산연령인구,감소,31021,성남시수정구,suffix_name
중원구,Jungwon-gu,17.0,2008.0,2024.0,203503.0,147644.0,-55859.0,-27.45,-3815.8,-0.382,0.952,41133.0,working_age,15-64세 생산연령인구,감소,31022,성남시중원구,suffix_name
분당구,Bundang-gu,17.0,2008.0,2024.0,316552.0,338702.0,22150.0,7.0,81.3,0.008,0.001,41135.0,working_age,15-64세 생산연령인구,완만한 증가,31023,성남시분당구,suffix_name
의정부시,Uijeongbu-si,17.0,2008.0,2024.0,312602.0,326033.0,13431.0,4.3,1410.6,0.141,0.794,41150.0,working_age,15-64세 생산연령인구,증가,31030,의정부시,global_exact_name
만안구,Manan-gu,17.0,2008.0,2024.0,199357.0,162523.0,-36834.0,-18.48,-2370.3,-0.237,0.87,41171.0,working_age,15-64세 생산연령인구,감소,31041,안양시만안구,suffix_name
동안구,Dongan-gu,17.0,2008.0,2024.0,265387.0,237170.0,-28217.0,-10.63,-2856.1,-0.286,0.765,41173.0,working_age,15-64세 생산연령인구,감소,31042,안양시동안구,suffix_name
부천시,Bucheon-si,17.0,2008.0,2024.0,657601.0,553116.0,-104485.0,-15.89,-6814.2,-0.681,0.784,41190.0,working_age,15-64세 생산연령인구,급격한 감소,31050,부천시,global_exact_name
광명시,Gwangmyeong-si,17.0,2008.0,2024.0,229672.0,197841.0,-31831.0,-13.86,-3310.8,-0.331,0.52,41210.0,working_age,15-64세 생산연령인구,감소,31060,광명시,global_exact_name
평택시,Pyeongtaek-si,17.0,2008.0,2024.0,287144.0,438726.0,151582.0,52.79,10070.3,1.007,0.973,41220.0,working_age,15-64세 생산연령인구,급격한 증가,31070,평택시,global_exact_name
동두천시,Dongducheon-si,17.0,2008.0,2024.0,63724.0,56821.0,-6903.0,-10.83,-462.3,-0.046,0.423,41250.0,working_age,15-64세 생산연령인구,완만한 감소,31080,동두천시,global_exact_name
상록구,Sangnok-gu,17.0,2008.0,2024.0,275230.0,246767.0,-28463.0,-10.34,-1892.0,-0.189,0.437,41271.0,working_age,15-64세 생산연령인구,감소,31091,안산시상록구,suffix_name
단원구,Danwon-gu,17.0,2008.0,2024.0,246098.0,222135.0,-23963.0,-9.74,-1922.8,-0.192,0.761,41273.0,working_age,15-64세 생산연령인구,감소,31092,안산시단원구,suffix_name
덕양구,Deogyang-gu,17.0,2008.0,2024.0,279265.0,350647.0,71382.0,25.56,5342.6,0.534,0.951,41281.0,working_age,15-64세 생산연령인구,급격한 증가,31101,고양시덕양구,suffix_name
일산동구,Ilsandong-gu,17.0,2008.0,2024.0,191967.0,215283.0,23316.0,12.15,1593.1,0.159,0.531,41285.0,working_age,15-64세 생산연령인구,증가,31103,고양시일산동구,suffix_name
일산서구,Ilsanseo-gu,17.0,2008.0,2024.0,205167.0,205261.0,94.0,0.05,475.0,0.047,0.09,41287.0,working_age,15-64세 생산연령인구,완만한 증가,31104,고양시일산서구,suffix_name
과천시,Gwacheon-si,17.0,2008.0,2024.0,50085.0,59366.0,9281.0,18.53,104.8,0.01,0.012,41290.0,working_age,15-64세 생산연령인구,완만한 증가,31110,과천시,global_exact_name
구리시,Guri-si,17.0,2008.0,2024.0,144170.0,134542.0,-9628.0,-6.68,-371.5,-0.037,0.144,41310.0,working_age,15-64세 생산연령인구,완만한 감소,31120,구리시,global_exact_name
남양주시,Namyangju-si,17.0,2008.0,2024.0,358802.0,512555.0,153753.0,42.85,9802.8,0.98,0.917,41360.0,working_age,15-64세 생산연령인구,급격한 증가,31130,남양주시,global_exact_name
오산시,Osan-si,17.0,2008.0,2024.0,108016.0,180250.0,72234.0,66.87,3762.6,0.376,0.893,41370.0,working_age,15-64세 생산연령인구,증가,31140,오산시,global_exact_name
시흥시,Siheung-si,17.0,2008.0,2024.0,284340.0,385124.0,100784.0,35.44,7467.5,0.747,0.892,41390.0,working_age,15-64세 생산연령인구,급격한 증가,31150,시흥시,global_exact_name
군포시,Gunpo-si,17.0,2008.0,2024.0,204140.0,184762.0,-19378.0,-9.49,-1273.0,-0.127,0.466,41410.0,working_age,15-64세 생산연령인구,감소,31160,군포시,global_exact_name
의왕시,Uiwang-si,17.0,2008.0,2024.0,99299.0,109246.0,9947.0,10.02,569.1,0.057,0.221,41430.0,working_age,15-64세 생산연령인구,완만한 증가,31170,의왕시,global_exact_name
하남시,Hanam-si,17.0,2008.0,2024.0,107950.0,231595.0,123645.0,114.54,9829.9,0.983,0.9,41450.0,working_age,15-64세 생산연령인구,급격한 증가,31180,하남시,global_exact_name
처인구,Cheoin-gu,17.0,2008.0,2024.0,145668.0,195171.0,49503.0,33.98,3306.2,0.331,0.961,41461.0,working_age,15-64세 생산연령인구,증가,31191,용인시처인구,suffix_name
기흥구,Giheung-gu,17.0,2008.0,2024.0,219280.0,311942.0,92662.0,42.26,5607.0,0.561,0.882,41463.0,working_age,15-64세 생산연령인구,급격한 증가,31192,용인시기흥구,suffix_name
수지구,Suji-gu,17.0,2008.0,2024.0,206838.0,265698.0,58860.0,28.46,4088.8,0.409,0.933,41465.0,working_age,15-64세 생산연령인구,증가,31193,용인시수지구,suffix_name
파주시,Paju-si,17.0,2008.0,2024.0,216948.0,360398.0,143450.0,66.12,8331.8,0.833,0.958,41480.0,working_age,15-64세 생산연령인구,급격한 증가,31200,파주시,global_exact_name
이천시,Icheon-si,17.0,2008.0,2024.0,138646.0,157850.0,19204.0,13.85,1337.7,0.134,0.932,41500.0,working_age,15-64세 생산연령인구,증가,31210,이천시,global_exact_name
안성시,Anseong-si,17.0,2008.0,2024.0,118445.0,133546.0,15101.0,12.75,694.2,0.069,0.748,41550.0,working_age,15-64세 생산연령인구,완만한 증가,31220,안성시,global_exact_name
김포시,Gimpo-si,17.0,2008.0,2024.0,156337.0,338082.0,181745.0,116.25,13212.9,1.321,0.969,41570.0,working_age,15-64세 생산연령인구,급격한 증가,31230,김포시,global_exact_name
화성시,Hwaseong-si,17.0,2008.0,2024.0,312330.0,709455.0,397125.0,127.15,26881.2,2.688,0.958,41590.0,working_age,15-64세 생산연령인구,급격한 증가,31240,화성시,global_exact_name
광주시,Gwangju-si,17.0,2008.0,2024.0,169918.0,280829.0,110911.0,65.27,7977.0,0.798,0.95,41610.0,working_age,15-64세 생산연령인구,급격한 증가,31250,광주시,global_exact_name
양주시,Yangju-si,17.0,2008.0,2024.0,127317.0,200692.0,73375.0,57.63,3501.0,0.35,0.86,41630.0,working_age,15-64세 생산연령인구,증가,31260,양주시,global_exact_name
포천시,Pocheon-si,17.0,2008.0,2024.0,113629.0,93469.0,-20160.0,-17.74,-1157.5,-0.116,0.829,41650.0,working_age,15-64세 생산연령인구,감소,31270,포천시,global_exact_name
여주시,Yeoju-si,12.0,2013.0,2024.0,75929.0,73789.0,-2140.0,-2.82,-293.9,-0.029,0.645,41670.0,working_age,15-64세 생산연령인구,완만한 감소,31280,여주시,global_exact_name
연천군,Yeoncheon-gun,17.0,2008.0,2024.0,30805.0,24185.0,-6620.0,-21.49,-373.0,-0.037,0.781,41800.0,working_age,15-64세 생산연령인구,완만한 감소,31350,연천군,global_exact_name
가평군,Gapyeong-gun,17.0,2008.0,2024.0,38701.0,38049.0,-652.0,-1.68,-36.5,-0.004,0.017,41820.0,working_age,15-64세 생산연령인구,완만한 감소,31370,가평군,global_exact_name
양평군,Yangpyeong-gun,17.0,2008.0,2024.0,61381.0,76417.0,15036.0,24.5,941.2,0.094,0.84,41830.0,working_age,15-64세 생산연령인구,완만한 증가,31380,양평군,global_exact_name
춘천시,Chuncheon-si,17.0,2008.0,2024.0,183935.0,193624.0,9689.0,5.27,592.7,0.059,0.399,51110.0,working_age,15-64세 생산연령인구,완만한 증가,32010,춘천시,global_exact_name
원주시,Wonju-si,17.0,2008.0,2024.0,214453.0,251437.0,36984.0,17.25,2520.1,0.252,0.881,51130.0,working_age,15-64세 생산연령인구,증가,32020,원주시,global_exact_name
강릉시,Gangneung-si,17.0,2008.0,2024.0,153929.0,134508.0,-19421.0,-12.62,-1092.9,-0.109,0.848,51150.0,working_age,15-64세 생산연령인구,감소,32030,강릉시,global_exact_name
동해시,Donghae-si,17.0,2008.0,2024.0,67536.0,56722.0,-10814.0,-16.01,-678.2,-0.068,0.898,51170.0,working_age,15-64세 생산연령인구,완만한 감소,32040,동해시,global_exact_name
태백시,Taebaek-si,17.0,2008.0,2024.0,36593.0,22914.0,-13679.0,-37.38,-887.2,-0.089,0.967,51190.0,working_age,15-64세 생산연령인구,완만한 감소,32050,태백시,global_exact_name
속초시,Sokcho-si,17.0,2008.0,2024.0,59810.0,53332.0,-6478.0,-10.83,-329.3,-0.033,0.806,51210.0,working_age,15-64세 생산연령인구,완만한 감소,32060,속초시,global_exact_name
삼척시,Samcheok-si,17.0,2008.0,2024.0,48791.0,37956.0,-10835.0,-22.21,-801.2,-0.08,0.834,51230.0,working_age,15-64세 생산연령인구,완만한 감소,32070,삼척시,global_exact_name
홍천군,Hongcheon-gun,17.0,2008.0,2024.0,47212.0,39186.0,-8026.0,-17.0,-428.8,-0.043,0.634,51720.0,working_age,15-64세 생산연령인구,완만한 감소,32310,홍천군,global_exact_name
횡성군,Hoengseong-gun,17.0,2008.0,2024.0,28838.0,26112.0,-2726.0,-9.45,-128.6,-0.013,0.285,51730.0,working_age,15-64세 생산연령인구,완만한 감소,32320,횡성군,global_exact_name
영월군,Yeongwol-gun,17.0,2008.0,2024.0,26758.0,21166.0,-5592.0,-20.9,-331.9,-0.033,0.772,51750.0,working_age,15-64세 생산연령인구,완만한 감소,32330,영월군,global_exact_name
평창군,Pyeongchang-gun,17.0,2008.0,2024.0,29757.0,23714.0,-6043.0,-20.31,-367.2,-0.037,0.822,51760.0,working_age,15-64세 생산연령인구,완만한 감소,32340,평창군,global_exact_name
정선군,Jeongseon-gun,17.0,2008.0,2024.0,28815.0,19623.0,-9192.0,-31.9,-547.4,-0.055,0.944,51770.0,working_age,15-64세 생산연령인구,완만한 감소,32350,정선군,global_exact_name
철원군,Cheorwon-gun,17.0,2008.0,2024.0,32482.0,25097.0,-7385.0,-22.74,-445.5,-0.045,0.715,51780.0,working_age,15-64세 생산연령인구,완만한 감소,32360,철원군,global_exact_name
화천군,Hwacheon-gun,17.0,2008.0,2024.0,16048.0,14364.0,-1684.0,-10.49,-100.1,-0.01,0.147,51790.0,working_age,15-64세 생산연령인구,완만한 감소,32370,화천군,global_exact_name
양구군,Yanggu-gun,17.0,2008.0,2024.0,14254.0,12975.0,-1279.0,-8.97,-74.1,-0.007,0.092,51800.0,working_age,15-64세 생산연령인구,완만한 감소,32380,양구군,global_exact_name
인제군,Inje-gun,17.0,2008.0,2024.0,21349.0,20265.0,-1084.0,-5.08,-51.6,-0.005,0.118,51810.0,working_age,15-64세 생산연령인구,완만한 감소,32390,인제군,global_exact_name
고성군,Goseong-gun,17.0,2008.0,2024.0,20450.0,15898.0,-4552.0,-22.26,-329.2,-0.033,0.792,51820.0,working_age,15-64세 생산연령인구,완만한 감소,32400,고성군,province_exact_name
양양군,Yangyang-gun,17.0,2008.0,2024.0,19006.0,15908.0,-3098.0,-16.3,-161.5,-0.016,0.944,51830.0,working_age,15-64세 생산연령인구,완만한 감소,32410,양양군,global_exact_name
충주시,Chungju-si,17.0,2008.0,2024.0,143582.0,136588.0,-6994.0,-4.87,-406.5,-0.041,0.353,43130.0,working_age,15-64세 생산연령인구,완만한 감소,33020,충주시,global_exact_name
제천시,Jecheon-si,17.0,2008.0,2024.0,94912.0,81586.0,-13326.0,-14.04,-847.6,-0.085,0.726,43150.0,working_age,15-64세 생산연령인구,완만한 감소,33030,제천시,global_exact_name
상당구,Sangdang-gu,17.0,2008.0,2024.0,178434.0,136308.0,-42126.0,-23.61,-3388.1,-0.339,0.541,43111.0,working_age,15-64세 생산연령인구,감소,33041,청주시상당구,suffix_name
서원구,Seowon-gu,11.0,2014.0,2024.0,165941.0,128146.0,-37795.0,-22.78,-3933.9,-0.393,0.977,43112.0,working_age,15-64세 생산연령인구,감소,33042,청주시서원구,suffix_name
흥덕구,Heungdeok-gu,17.0,2008.0,2024.0,285732.0,210044.0,-75688.0,-26.49,-8031.3,-0.803,0.554,43113.0,working_age,15-64세 생산연령인구,급격한 감소,33043,청주시흥덕구,suffix_name
청원구,Cheongwon-gu,11.0,2014.0,2024.0,126314.0,133740.0,7426.0,5.88,448.9,0.045,0.105,43114.0,working_age,15-64세 생산연령인구,완만한 증가,33044,청주시청원구,suffix_name
보은군,Boeun-gun,17.0,2008.0,2024.0,21612.0,16100.0,-5512.0,-25.5,-331.0,-0.033,0.836,43720.0,working_age,15-64세 생산연령인구,완만한 감소,33320,보은군,global_exact_name
옥천군,Okcheon-gun,17.0,2008.0,2024.0,35676.0,27567.0,-8109.0,-22.73,-498.5,-0.05,0.932,43730.0,working_age,15-64세 생산연령인구,완만한 감소,33330,옥천군,global_exact_name
영동군,Yeongdong-gun,17.0,2008.0,2024.0,32085.0,24148.0,-7937.0,-24.74,-498.1,-0.05,0.743,43740.0,working_age,15-64세 생산연령인구,완만한 감소,33340,영동군,global_exact_name
진천군,Jincheon-gun,17.0,2008.0,2024.0,40939.0,58983.0,18044.0,44.08,1384.3,0.138,0.953,43750.0,working_age,15-64세 생산연령인구,증가,33350,진천군,global_exact_name
괴산군,Goesan-gun,17.0,2008.0,2024.0,22886.0,19352.0,-3534.0,-15.44,-158.9,-0.016,0.25,43760.0,working_age,15-64세 생산연령인구,완만한 감소,33360,괴산군,global_exact_name
음성군,Eumseong-gun,17.0,2008.0,2024.0,60753.0,59634.0,-1119.0,-1.84,-61.2,-0.006,0.012,43770.0,working_age,15-64세 생산연령인구,완만한 감소,33370,음성군,global_exact_name
단양군,Danyang-gun,17.0,2008.0,2024.0,21078.0,15260.0,-5818.0,-27.6,-361.9,-0.036,0.883,43800.0,working_age,15-64세 생산연령인구,완만한 감소,33380,단양군,global_exact_name
증평군,Jeungpyeong-gun,17.0,2008.0,2024.0,22183.0,24900.0,2717.0,12.25,173.6,0.017,0.512,43745.0,working_age,15-64세 생산연령인구,완만한 증가,33390,증평군,global_exact_name
동남구,Dongnam-gu,17.0,2008.0,2024.0,169607.0,186462.0,16855.0,9.94,559.8,0.056,0.199,44131.0,working_age,15-64세 생산연령인구,완만한 증가,34011,천안시동남구,suffix_name
서북구,Sebuk-gu,17.0,2008.0,2024.0,216003.0,299982.0,83979.0,38.88,6264.0,0.626,0.94,44133.0,working_age,15-64세 생산연령인구,급격한 증가,34012,천안시서북구,suffix_name
공주시,Gongju-si,17.0,2008.0,2024.0,85040.0,62008.0,-23032.0,-27.08,-1598.6,-0.16,0.98,44150.0,working_age,15-64세 생산연령인구,감소,34020,공주시,global_exact_name
보령시,Boryeong-si,17.0,2008.0,2024.0,71993.0,56383.0,-15610.0,-21.68,-965.5,-0.097,0.902,44180.0,working_age,15-64세 생산연령인구,완만한 감소,34030,보령시,global_exact_name
아산시,Asan-si,17.0,2008.0,2024.0,168272.0,251186.0,82914.0,49.27,4430.8,0.443,0.971,44200.0,working_age,15-64세 생산연령인구,증가,34040,아산시,global_exact_name
서산시,Seosan-si,17.0,2008.0,2024.0,105523.0,115624.0,10101.0,9.57,765.4,0.077,0.736,44210.0,working_age,15-64세 생산연령인구,완만한 증가,34050,서산시,global_exact_name
논산시,Nonsan-si,17.0,2008.0,2024.0,84882.0,64694.0,-20188.0,-23.78,-1290.0,-0.129,0.889,44230.0,working_age,15-64세 생산연령인구,감소,34060,논산시,global_exact_name
계룡시,Gyeryong-si,17.0,2008.0,2024.0,28865.0,33098.0,4233.0,14.66,204.1,0.02,0.691,44250.0,working_age,15-64세 생산연령인구,완만한 증가,34070,계룡시,global_exact_name
당진시,Dangjin-si,13.0,2012.0,2024.0,105879.0,113755.0,7876.0,7.44,347.8,0.035,0.363,44270.0,working_age,15-64세 생산연령인구,완만한 증가,34080,당진시,global_exact_name
금산군,Geumsan-gun,17.0,2008.0,2024.0,36631.0,28046.0,-8585.0,-23.44,-580.0,-0.058,0.938,44710.0,working_age,15-64세 생산연령인구,완만한 감소,34310,금산군,global_exact_name
부여군,Buyeo-gun,17.0,2008.0,2024.0,48314.0,31290.0,-17024.0,-35.24,-1065.3,-0.107,0.953,44760.0,working_age,15-64세 생산연령인구,감소,34330,부여군,global_exact_name
서천군,Seocheon-gun,17.0,2008.0,2024.0,37795.0,24915.0,-12880.0,-34.08,-858.1,-0.086,0.966,44770.0,working_age,15-64세 생산연령인구,완만한 감소,34340,서천군,global_exact_name
청양군,Cheongyang-gun,17.0,2008.0,2024.0,20106.0,15875.0,-4231.0,-21.04,-233.6,-0.023,0.742,44790.0,working_age,15-64세 생산연령인구,완만한 감소,34350,청양군,global_exact_name
홍성군,Hongseong-gun,17.0,2008.0,2024.0,57831.0,61362.0,3531.0,6.11,369.0,0.037,0.379,44800.0,working_age,15-64세 생산연령인구,완만한 증가,34360,홍성군,global_exact_name
예산군,Yesan-gun,17.0,2008.0,2024.0,57893.0,45242.0,-12651.0,-21.85,-924.0,-0.092,0.964,44810.0,working_age,15-64세 생산연령인구,완만한 감소,34370,예산군,global_exact_name
태안군,Taean-gun,17.0,2008.0,2024.0,42536.0,33754.0,-8782.0,-20.65,-500.2,-0.05,0.883,44825.0,working_age,15-64세 생산연령인구,완만한 감소,34380,태안군,global_exact_name
완산구,Wansan-gu,17.0,2008.0,2024.0,250680.0,224480.0,-26200.0,-10.45,-1958.6,-0.196,0.521,52111.0,working_age,15-64세 생산연령인구,감소,35011,전주시완산구,suffix_name
덕진구,Deokjin-gu,17.0,2008.0,2024.0,199126.0,219782.0,20656.0,10.37,1730.6,0.173,0.818,52113.0,working_age,15-64세 생산연령인구,증가,35012,전주시덕진구,suffix_name
군산시,Gunsan-si,17.0,2008.0,2024.0,186060.0,170542.0,-15518.0,-8.34,-1267.3,-0.127,0.546,52130.0,working_age,15-64세 생산연령인구,감소,35020,군산시,global_exact_name
익산시,Iksan-si,17.0,2008.0,2024.0,215881.0,177553.0,-38328.0,-17.75,-2616.1,-0.262,0.835,52140.0,working_age,15-64세 생산연령인구,감소,35030,익산시,global_exact_name
정읍시,Jeongeup-si,17.0,2008.0,2024.0,79156.0,60906.0,-18250.0,-23.06,-1177.2,-0.118,0.954,52180.0,working_age,15-64세 생산연령인구,감소,35040,정읍시,global_exact_name
남원시,Namwon-si,17.0,2008.0,2024.0,56302.0,44314.0,-11988.0,-21.29,-763.6,-0.076,0.925,52190.0,working_age,15-64세 생산연령인구,완만한 감소,35050,남원시,global_exact_name
김제시,Gimje-si,17.0,2008.0,2024.0,61687.0,45978.0,-15709.0,-25.47,-1066.4,-0.107,0.99,52210.0,working_age,15-64세 생산연령인구,감소,35060,김제시,global_exact_name
완주군,Wanju-gun,17.0,2008.0,2024.0,55427.0,63518.0,8091.0,14.6,417.2,0.042,0.485,52710.0,working_age,15-64세 생산연령인구,완만한 증가,35310,완주군,global_exact_name
진안군,Jinan-gun,17.0,2008.0,2024.0,16661.0,12921.0,-3740.0,-22.45,-248.1,-0.025,0.925,52720.0,working_age,15-64세 생산연령인구,완만한 감소,35320,진안군,global_exact_name
무주군,Muju-gun,17.0,2008.0,2024.0,15943.0,12728.0,-3215.0,-20.17,-200.2,-0.02,0.949,52730.0,working_age,15-64세 생산연령인구,완만한 감소,35330,무주군,global_exact_name
장수군,Jangsu-gun,17.0,2008.0,2024.0,14594.0,10970.0,-3624.0,-24.83,-209.0,-0.021,0.839,52740.0,working_age,15-64세 생산연령인구,완만한 감소,35340,장수군,global_exact_name
임실군,Imsil-gun,17.0,2008.0,2024.0,18972.0,13278.0,-5694.0,-30.01,-342.9,-0.034,0.843,52750.0,working_age,15-64세 생산연령인구,완만한 감소,35350,임실군,global_exact_name
순창군,Sunchang-gun,17.0,2008.0,2024.0,18314.0,14734.0,-3580.0,-19.55,-229.9,-0.023,0.828,52770.0,working_age,15-64세 생산연령인구,완만한 감소,35360,순창군,global_exact_name
고창군,Gochang-gun,17.0,2008.0,2024.0,37194.0,27103.0,-10091.0,-27.13,-674.5,-0.067,0.812,52790.0,working_age,15-64세 생산연령인구,완만한 감소,35370,고창군,global_exact_name
부안군,Buan-gun,17.0,2008.0,2024.0,38849.0,26137.0,-12712.0,-32.72,-801.9,-0.08,0.954,52800.0,working_age,15-64세 생산연령인구,완만한 감소,35380,부안군,global_exact_name
목포시,Mokpo-si,17.0,2008.0,2024.0,173918.0,142026.0,-31892.0,-18.34,-2043.0,-0.204,0.885,46110.0,working_age,15-64세 생산연령인구,감소,36010,목포시,global_exact_name
여수시,Yeosu-si,17.0,2008.0,2024.0,208201.0,176047.0,-32154.0,-15.44,-1984.6,-0.198,0.868,46130.0,working_age,15-64세 생산연령인구,감소,36020,여수시,global_exact_name
순천시,Suncheon-si,17.0,2008.0,2024.0,185832.0,189779.0,3947.0,2.12,322.6,0.032,0.127,46150.0,working_age,15-64세 생산연령인구,완만한 증가,36030,순천시,global_exact_name
나주시,Naju-si,17.0,2008.0,2024.0,59815.0,73269.0,13454.0,22.49,1408.5,0.141,0.803,46170.0,working_age,15-64세 생산연령인구,증가,36040,나주시,global_exact_name
광양시,Gwangyang-si,17.0,2008.0,2024.0,97578.0,110329.0,12751.0,13.07,583.1,0.058,0.344,46230.0,working_age,15-64세 생산연령인구,완만한 증가,36060,광양시,global_exact_name
담양군,Damyang-gun,17.0,2008.0,2024.0,31214.0,25592.0,-5622.0,-18.01,-302.6,-0.03,0.902,46710.0,working_age,15-64세 생산연령인구,완만한 감소,36310,담양군,global_exact_name
곡성군,Gokseong-gun,17.0,2008.0,2024.0,19426.0,14336.0,-5090.0,-26.2,-310.5,-0.031,0.934,46720.0,working_age,15-64세 생산연령인구,완만한 감소,36320,곡성군,global_exact_name
구례군,Gurye-gun,17.0,2008.0,2024.0,16882.0,13024.0,-3858.0,-22.85,-221.8,-0.022,0.759,46730.0,working_age,15-64세 생산연령인구,완만한 감소,36330,구례군,global_exact_name
고흥군,Goheung-gun,17.0,2008.0,2024.0,44830.0,29256.0,-15574.0,-34.74,-959.6,-0.096,0.999,46770.0,working_age,15-64세 생산연령인구,완만한 감소,36350,고흥군,global_exact_name
보성군,Boseong-gun,17.0,2008.0,2024.0,29619.0,18576.0,-11043.0,-37.28,-692.3,-0.069,0.985,46780.0,working_age,15-64세 생산연령인구,완만한 감소,36360,보성군,global_exact_name
화순군,Hwasun-gun,17.0,2008.0,2024.0,44430.0,37173.0,-7257.0,-16.33,-458.7,-0.046,0.951,46790.0,working_age,15-64세 생산연령인구,완만한 감소,36370,화순군,global_exact_name
장흥군,Jangheung-gun,17.0,2008.0,2024.0,25414.0,18451.0,-6963.0,-27.4,-468.8,-0.047,0.789,46800.0,working_age,15-64세 생산연령인구,완만한 감소,36380,장흥군,global_exact_name
강진군,Gangjin-gun,17.0,2008.0,2024.0,24684.0,17109.0,-7575.0,-30.69,-527.3,-0.053,0.956,46810.0,working_age,15-64세 생산연령인구,완만한 감소,36390,강진군,global_exact_name
해남군,Haenam-gun,17.0,2008.0,2024.0,50355.0,34537.0,-15818.0,-31.41,-1007.3,-0.101,0.97,46820.0,working_age,15-64세 생산연령인구,감소,36400,해남군,global_exact_name
영암군,Yeongam-gun,17.0,2008.0,2024.0,37855.0,31459.0,-6396.0,-16.9,-456.6,-0.046,0.926,46830.0,working_age,15-64세 생산연령인구,완만한 감소,36410,영암군,global_exact_name
무안군,Muan-gun,17.0,2008.0,2024.0,43228.0,60297.0,17069.0,39.49,887.3,0.089,0.904,46840.0,working_age,15-64세 생산연령인구,완만한 증가,36420,무안군,global_exact_name
함평군,Hampyeong-gun,17.0,2008.0,2024.0,22425.0,15816.0,-6609.0,-29.47,-410.9,-0.041,0.961,46860.0,working_age,15-64세 생산연령인구,완만한 감소,36430,함평군,global_exact_name
영광군,Yeonggwang-gun,17.0,2008.0,2024.0,36887.0,30270.0,-6617.0,-17.94,-467.1,-0.047,0.928,46870.0,working_age,15-64세 생산연령인구,완만한 감소,36440,영광군,global_exact_name
장성군,Jangseong-gun,17.0,2008.0,2024.0,29414.0,24267.0,-5147.0,-17.5,-299.8,-0.03,0.846,46880.0,working_age,15-64세 생산연령인구,완만한 감소,36450,장성군,global_exact_name
완도군,Wando-gun,17.0,2008.0,2024.0,34083.0,24678.0,-9405.0,-27.59,-551.9,-0.055,0.926,46890.0,working_age,15-64세 생산연령인구,완만한 감소,36460,완도군,global_exact_name
진도군,Jindo-gun,17.0,2008.0,2024.0,20697.0,15579.0,-5118.0,-24.73,-292.8,-0.029,0.953,46900.0,working_age,15-64세 생산연령인구,완만한 감소,36470,진도군,global_exact_name
신안군,Sinan-gun,17.0,2008.0,2024.0,28746.0,20659.0,-8087.0,-28.13,-570.5,-0.057,0.96,46910.0,working_age,15-64세 생산연령인구,완만한 감소,36480,신안군,global_exact_name
남구,Nam-gu,17.0,2008.0,2024.0,189065.0,146602.0,-42463.0,-22.46,-2795.9,-0.28,0.918,47111.0,working_age,15-64세 생산연령인구,감소,37011,포항시남구,suffix_name
북구,Buk-gu,17.0,2008.0,2024.0,186166.0,180505.0,-5661.0,-3.04,-639.4,-0.064,0.236,47113.0,working_age,15-64세 생산연령인구,완만한 감소,37012,포항시북구,suffix_name
경주시,Gyeongju-si,17.0,2008.0,2024.0,187006.0,155766.0,-31240.0,-16.71,-1940.3,-0.194,0.901,47130.0,working_age,15-64세 생산연령인구,감소,37020,경주시,global_exact_name
김천시,Gimcheon-si,17.0,2008.0,2024.0,93600.0,84292.0,-9308.0,-9.94,-338.8,-0.034,0.302,47150.0,working_age,15-64세 생산연령인구,완만한 감소,37030,김천시,global_exact_name
안동시,Andong-si,17.0,2008.0,2024.0,112944.0,95298.0,-17646.0,-15.62,-1260.5,-0.126,0.811,47170.0,working_age,15-64세 생산연령인구,감소,37040,안동시,global_exact_name
구미시,Gumi-si,17.0,2008.0,2024.0,286341.0,298904.0,12563.0,4.39,495.5,0.05,0.058,47190.0,working_age,15-64세 생산연령인구,완만한 증가,37050,구미시,global_exact_name
영주시,Yeongju-si,17.0,2008.0,2024.0,76587.0,58874.0,-17713.0,-23.13,-1230.5,-0.123,0.925,47210.0,working_age,15-64세 생산연령인구,감소,37060,영주시,global_exact_name
영천시,Yeongcheon-si,17.0,2008.0,2024.0,69387.0,57674.0,-11713.0,-16.88,-630.5,-0.063,0.871,47230.0,working_age,15-64세 생산연령인구,완만한 감소,37070,영천시,global_exact_name
상주시,Sangju-si,17.0,2008.0,2024.0,67384.0,51153.0,-16231.0,-24.09,-1034.6,-0.103,0.91,47250.0,working_age,15-64세 생산연령인구,감소,37080,상주시,global_exact_name
문경시,Mungyeong-si,17.0,2008.0,2024.0,49441.0,37879.0,-11562.0,-23.39,-766.6,-0.077,0.909,47280.0,working_age,15-64세 생산연령인구,완만한 감소,37090,문경시,global_exact_name
경산시,Gyeongsan-si,17.0,2008.0,2024.0,169312.0,184224.0,14912.0,8.81,1098.5,0.11,0.669,47290.0,working_age,15-64세 생산연령인구,증가,37100,경산시,global_exact_name
군위군,Gunwi-gun,15.0,2008.0,2022.0,15418.0,12239.0,-3179.0,-20.62,-219.4,-0.022,0.931,47720.0,working_age,15-64세 생산연령인구,완만한 감소,37310,군위군,global_exact_name
의성군,Uiseong-gun,17.0,2008.0,2024.0,36510.0,23242.0,-13268.0,-36.34,-827.8,-0.083,0.993,47730.0,working_age,15-64세 생산연령인구,완만한 감소,37320,의성군,global_exact_name
청송군,Cheongsong-gun,17.0,2008.0,2024.0,17076.0,12052.0,-5024.0,-29.42,-297.0,-0.03,0.921,47750.0,working_age,15-64세 생산연령인구,완만한 감소,37330,청송군,global_exact_name
영양군,Yeongyang-gun,17.0,2008.0,2024.0,11439.0,7876.0,-3563.0,-31.15,-216.6,-0.022,0.939,47760.0,working_age,15-64세 생산연령인구,완만한 감소,37340,영양군,global_exact_name
영덕군,Yeongdeok-gun,17.0,2008.0,2024.0,26354.0,16793.0,-9561.0,-36.28,-575.0,-0.058,0.968,47770.0,working_age,15-64세 생산연령인구,완만한 감소,37350,영덕군,global_exact_name
청도군,Cheongdo-gun,17.0,2008.0,2024.0,28205.0,20584.0,-7621.0,-27.02,-475.3,-0.048,0.929,47820.0,working_age,15-64세 생산연령인구,완만한 감소,37360,청도군,global_exact_name
고령군,Goryeong-gun,17.0,2008.0,2024.0,22860.0,16930.0,-5930.0,-25.94,-424.9,-0.042,0.854,47830.0,working_age,15-64세 생산연령인구,완만한 감소,37370,고령군,global_exact_name
성주군,Seongju-gun,17.0,2008.0,2024.0,29628.0,23051.0,-6577.0,-22.2,-438.8,-0.044,0.846,47840.0,working_age,15-64세 생산연령인구,완만한 감소,37380,성주군,global_exact_name
칠곡군,Chilgok-gun,17.0,2008.0,2024.0,81245.0,74289.0,-6956.0,-8.56,-444.1,-0.044,0.302,47850.0,working_age,15-64세 생산연령인구,완만한 감소,37390,칠곡군,global_exact_name
예천군,Yecheon-gun,17.0,2008.0,2024.0,29306.0,30014.0,708.0,2.42,235.0,0.023,0.345,47900.0,working_age,15-64세 생산연령인구,완만한 증가,37400,예천군,global_exact_name
봉화군,Bonghwa-gun,17.0,2008.0,2024.0,21469.0,14664.0,-6805.0,-31.7,-405.0,-0.04,0.898,47920.0,working_age,15-64세 생산연령인구,완만한 감소,37410,봉화군,global_exact_name
울진군,Uljin-gun,17.0,2008.0,2024.0,33572.0,27440.0,-6132.0,-18.27,-375.9,-0.038,0.782,47930.0,working_age,15-64세 생산연령인구,완만한 감소,37420,울진군,global_exact_name
울릉군,Ulleung-gun,17.0,2008.0,2024.0,7255.0,5846.0,-1409.0,-19.42,-131.1,-0.013,0.837,47940.0,working_age,15-64세 생산연령인구,완만한 감소,37430,울릉군,global_exact_name
진주시,Jinju-si,17.0,2008.0,2024.0,236239.0,229714.0,-6525.0,-2.76,-233.1,-0.023,0.052,48170.0,working_age,15-64세 생산연령인구,완만한 감소,38030,진주시,global_exact_name
통영시,Tongyeong-si,17.0,2008.0,2024.0,98087.0,76288.0,-21799.0,-22.22,-1518.3,-0.152,0.835,48220.0,working_age,15-64세 생산연령인구,감소,38050,통영시,global_exact_name
사천시,Sacheon-si,17.0,2008.0,2024.0,77042.0,69532.0,-7510.0,-9.75,-569.0,-0.057,0.709,48240.0,working_age,15-64세 생산연령인구,완만한 감소,38060,사천시,global_exact_name
김해시,Gimhae-si,17.0,2008.0,2024.0,338825.0,384902.0,46077.0,13.6,2666.0,0.267,0.571,48250.0,working_age,15-64세 생산연령인구,증가,38070,김해시,global_exact_name
밀양시,Miryang-si,17.0,2008.0,2024.0,75193.0,58252.0,-16941.0,-22.53,-1050.1,-0.105,0.911,48270.0,working_age,15-64세 생산연령인구,감소,38080,밀양시,global_exact_name
거제시,Geoje-si,17.0,2008.0,2024.0,154671.0,164533.0,9862.0,6.38,434.2,0.043,0.048,48310.0,working_age,15-64세 생산연령인구,완만한 증가,38090,거제시,global_exact_name
양산시,Yangsan-si,17.0,2008.0,2024.0,173859.0,249057.0,75198.0,43.25,5329.2,0.533,0.879,48330.0,working_age,15-64세 생산연령인구,급격한 증가,38100,양산시,global_exact_name
의창구,Uichang-gu,15.0,2010.0,2024.0,191735.0,148348.0,-43387.0,-22.63,-3342.1,-0.334,0.603,48121.0,working_age,15-64세 생산연령인구,감소,38111,창원시의창구,suffix_name
성산구,Seongsan-gu,15.0,2010.0,2024.0,194106.0,185161.0,-8945.0,-4.61,-578.5,-0.058,0.114,48123.0,working_age,15-64세 생산연령인구,완만한 감소,38112,창원시성산구,suffix_name
마산합포구,Masanhappo-gu,15.0,2010.0,2024.0,138766.0,113531.0,-25235.0,-18.19,-1875.1,-0.188,0.98,48125.0,working_age,15-64세 생산연령인구,감소,38113,창원시마산합포구,suffix_name
마산회원구,Masanhoewon-gu,15.0,2010.0,2024.0,170496.0,119738.0,-50758.0,-29.77,-3939.1,-0.394,0.983,48127.0,working_age,15-64세 생산연령인구,감소,38114,창원시마산회원구,suffix_name
진해구,Jinhae-gu,15.0,2010.0,2024.0,124918.0,129883.0,4965.0,3.97,519.1,0.052,0.441,48129.0,working_age,15-64세 생산연령인구,완만한 증가,38115,창원시진해구,suffix_name
의령군,Uiryeong-gun,17.0,2008.0,2024.0,18254.0,13073.0,-5181.0,-28.38,-330.5,-0.033,0.954,48720.0,working_age,15-64세 생산연령인구,완만한 감소,38310,의령군,global_exact_name
함안군,Haman-gun,17.0,2008.0,2024.0,44037.0,35263.0,-8774.0,-19.92,-558.0,-0.056,0.621,48730.0,working_age,15-64세 생산연령인구,완만한 감소,38320,함안군,global_exact_name
창녕군,Changnyeong-gun,17.0,2008.0,2024.0,39672.0,30910.0,-8762.0,-22.09,-504.2,-0.05,0.606,48740.0,working_age,15-64세 생산연령인구,완만한 감소,38330,창녕군,global_exact_name
고성군,Goseong-gun,17.0,2008.0,2024.0,36458.0,26883.0,-9575.0,-26.26,-662.1,-0.066,0.92,48820.0,working_age,15-64세 생산연령인구,완만한 감소,38340,고성군,province_exact_name
남해군,Namhae-gun,17.0,2008.0,2024.0,30285.0,20414.0,-9871.0,-32.59,-622.9,-0.062,0.982,48840.0,working_age,15-64세 생산연령인구,완만한 감소,38350,남해군,global_exact_name
하동군,Hadong-gun,17.0,2008.0,2024.0,33725.0,21681.0,-12044.0,-35.71,-745.8,-0.075,0.898,48850.0,working_age,15-64세 생산연령인구,완만한 감소,38360,하동군,global_exact_name
산청군,Sancheong-gun,17.0,2008.0,2024.0,21212.0,17412.0,-3800.0,-17.91,-231.4,-0.023,0.68,48860.0,working_age,15-64세 생산연령인구,완만한 감소,38370,산청군,global_exact_name
함양군,Hamyang-gun,17.0,2008.0,2024.0,24207.0,19513.0,-4694.0,-19.39,-281.3,-0.028,0.747,48870.0,working_age,15-64세 생산연령인구,완만한 감소,38380,함양군,global_exact_name
거창군,Geochang-gun,17.0,2008.0,2024.0,40235.0,35113.0,-5122.0,-12.73,-308.5,-0.031,0.751,48880.0,working_age,15-64세 생산연령인구,완만한 감소,38390,거창군,global_exact_name
합천군,Hapcheon-gun,17.0,2008.0,2024.0,33377.0,20010.0,-13367.0,-40.05,-755.5,-0.076,0.968,48890.0,working_age,15-64세 생산연령인구,완만한 감소,38400,합천군,global_exact_name
제주시,Jeju-si,17.0,2008.0,2024.0,282509.0,340150.0,57641.0,20.4,4508.0,0.451,0.85,50110.0,working_age,15-64세 생산연령인구,증가,39010,제주시,global_exact_name
서귀포시,Seogwipo-si,17.0,2008.0,2024.0,104087.0,119134.0,15047.0,14.46,1500.1,0.15,0.783,50130.0,working_age,15-64세 생산연령인구,증가,39020,서귀포시,global_exact_name
